,Class,Name,PA,R,HR,RBI,SB,OBP,IP,QS,SV,SO,ERA,WHIP,Total_SGPs,Dollar_Value,True_Dollar_Value,Keeper,Salary,Inflated_Value
0,Hitter,Mike Trout,675,124,44,112,14,0.439,x,x,x,x,x,x,19.70500866,27.17361832,51.20648537,,,63.66113976535375
1,Hitter,Christian Yelich,672,112,36,100,22,0.4,x,x,x,x,x,x,17.53571643,24.18211905,44.67733731,True,20.0,55.543945152347476
2,Hitter,Ronald Acuna Jr.,680,107,37,94,29,0.363,x,x,x,x,x,x,16.66737905,22.98466368,42.06381055,True,1.0,52.29474554126993
3,Hitter,Mookie Betts,688,118,32,95,18,0.39,x,x,x,x,x,x,16.31832073,22.50330496,41.01321283,True,3.0,50.98861707322893
4,Hitter,Cody Bellinger,640,99,42,115,12,0.385,x,x,x,x,x,x,15.94030693,21.98201604,39.87546474,,,49.57414115964302
5,Hitter,Trea Turner,687,103,22,75,39,0.354,x,x,x,x,x,x,15.49876739,21.373123800000002,38.54651655,,,47.92196066232521
6,Hitter,Francisco Lindor,692,112,35,95,22,0.354,x,x,x,x,x,x,15.38360465,21.21431197,38.19989906,,,47.49103742444695
7,Hitter,Bryce Harper,664,102,41,102,11,0.383,x,x,x,x,x,x,15.33631038,21.14909219,38.0575525,True,32.0,47.31406874194904
8,Hitter,Juan Soto,646,97,34,106,9,0.406,x,x,x,x,x,x,15.22599899,20.99697048,37.72553665,True,1.0,46.901298615695744
9,Hitter,Jose Ramirez,648,95,31,101,23,0.362,x,x,x,x,x,x,14.93159745,20.59098461,36.83944523,True,19.0,45.799688354302
10,Hitter,Alex Bregman,658,106,32,103,6,0.396,x,x,x,x,x,x,14.541765700000001,20.05339849,35.66612742,,,44.3409913054444
11,Hitter,J.D. Martinez,649,102,39,120,3,0.378,x,x,x,x,x,x,14.45365694,19.93189466,35.40093716,,,44.01130036719146
12,Hitter,Trevor Story,652,98,36,101,20,0.346,x,x,x,x,x,x,14.44612018,19.92150132,35.37825299,,,43.98309885899584
13,Hitter,Aaron Judge,670,107,41,101,6,0.373,x,x,x,x,x,x,14.40920872,19.87059964,35.26715666,,,43.84498121744234
14,Pitcher,Gerrit Cole,x,x,x,x,x,x,202,22.5,0,280,3.26,1.04,14.11278529,19.5009793,34.46043545,,,36.758383970257
15,Hitter,Giancarlo Stanton,612,101,48,115,3,0.355,x,x,x,x,x,x,14.07234645,19.40605955,34.25326671,True,15.0,42.584488735928424
16,Hitter,Nolan Arenado,657,100,40,114,3,0.371,x,x,x,x,x,x,13.96781111,19.26190313,33.93863564,True,22.0,42.193331788189
17,Hitter,Freddie Freeman,662,98,33,103,6,0.385,x,x,x,x,x,x,13.84984155,19.09922064,33.583570200000004,,,41.7519058547675
18,Pitcher,Max Scherzer,x,x,x,x,x,x,202,22.5,0,268,3.28,1.04,13.80861013,19.08067152,33.54308549,,,35.779861742535715
19,Pitcher,Justin Verlander,x,x,x,x,x,x,204,24,0,266,3.46,1.04,13.75925637,19.01247473,33.39424142,,,35.62109220276323
20,Hitter,George Springer,687,112,35,91,8,0.365,x,x,x,x,x,x,13.699254999999999,18.89155865,33.13033395,,,41.188431598538244
21,Hitter,Anthony Rizzo,660,97,32,99,6,0.388,x,x,x,x,x,x,13.683762699999997,18.87019444,33.08370513,,,41.13046152295769
22,Hitter,Josh Donaldson,644,100,36,103,4,0.379,x,x,x,x,x,x,13.63391421,18.80145234,32.93367087,,,40.94393530608424
23,Pitcher,Jacob deGrom,x,x,x,x,x,x,205,21,0,258,3.13,1.06,13.42313837,18.54802848,23.12896877,True,3.0,24.67129343496856
24,Hitter,Adalberto Mondesi,649,82,20,76,49,0.293,x,x,x,x,x,x,13.39890514,18.47736992,23.01881374,,,28.617545378213197
25,Hitter,Nelson Cruz,641,97,40,114,1,0.363,x,x,x,x,x,x,13.20679528,18.21244641,22.60580421,,,28.104081952169178
26,Hitter,Joey Gallo,616,90,43,101,8,0.349,x,x,x,x,x,x,13.11213219,18.08190403,22.40229169,,,27.85107027042408
27,Hitter,Yordan Alvarez,602,93,39,107,3,0.366,x,x,x,x,x,x,13.0213156,17.95666605,22.20704862,True,6.0,27.608339368709654
28,Hitter,Fernando Tatis Jr.,671,93,31,82,23,0.333,x,x,x,x,x,x,12.97384413,17.89120191,22.10499155,,,27.481459553577512
29,Hitter,Rafael Devers,636,95,32,103,9,0.355,x,x,x,x,x,x,12.81223412,17.66833834,21.75755248,,,27.049514907593807
30,Hitter,Tommy Pham,652,92,25,76,18,0.366,x,x,x,x,x,x,12.78529142,17.63118379,21.69962941,True,15.0,26.977503547543137
31,Hitter,Kris Bryant,669,100,31,91,4,0.377,x,x,x,x,x,x,12.71560374,17.53508302,21.54981057,True,20.0,26.791245146018262
32,Hitter,Jose Altuve,673,100,24,93,12,0.361,x,x,x,x,x,x,12.65266821,17.44829361,21.41450792,True,22.0,26.623033622613857
33,Hitter,Peter Alonso,663,98,44,105,2,0.343,x,x,x,x,x,x,12.63178188,17.41949093,21.36960521,True,16.0,26.56720948868828
34,Pitcher,Chris Sale,x,x,x,x,x,x,177,21,0,233,3.22,1.03,12.53990535,17.32758131,21.22632028,True,36.0,22.64176934908387
35,Hitter,Rhys Hoskins,656,93,36,96,4,0.365,x,x,x,x,x,x,12.53239946,17.28244049,21.15594679,,,26.301584178937315
36,Hitter,Manny Machado,664,93,37,102,7,0.343,x,x,x,x,x,x,12.38912594,17.08486332,20.84792862,,,25.918648548246157
37,Hitter,Starling Marte,649,85,22,81,26,0.337,x,x,x,x,x,x,12.37678575,17.06784594,20.82139892,,,25.885666184246176
38,Hitter,Anthony Rendon,655,93,28,99,4,0.374,x,x,x,x,x,x,12.29049138,16.948844199999996,20.63587799,,,25.655022081867543
39,Hitter,Carlos Correa,637,93,33,105,3,0.359,x,x,x,x,x,x,12.1933621,16.81490089,20.42706353,,,25.39541890021909
40,Hitter,Paul Goldschmidt,663,91,31,91,5,0.369,x,x,x,x,x,x,12.12804322,16.7248248,20.286637,,,25.22083724540528
41,Hitter,Charlie Blackmon,660,101,30,84,8,0.356,x,x,x,x,x,x,12.10647259,16.69507844,20.24026314,,,25.163184142256583
42,Hitter,Carlos Santana,654,92,29,93,3,0.375,x,x,x,x,x,x,12.00792258,16.55917593,20.0283943,,,24.89978368159803
43,Hitter,Xander Bogaerts,649,92,25,96,6,0.368,x,x,x,x,x,x,11.89979787,16.410069699999998,19.79594119,True,25.0,24.610792359157635
44,Hitter,Shohei Ohtani,555,80,29,89,13,0.353,x,x,x,x,x,x,11.78725499,16.25487071,19.55398961,True,14.0,24.30999230932933
45,Hitter,Bo Bichette,663,92,22,74,24,0.328,x,x,x,x,x,x,11.76833162,16.228775,19.513307,,,24.259414705681756
46,Hitter,Kyle Schwarber,585,86,37,90,5,0.354,x,x,x,x,x,x,11.72480379,16.16874921,19.41972821,,,24.14307529308163
47,Hitter,Matt Olson,642,91,38,103,1,0.344,x,x,x,x,x,x,11.60733334,16.006755,19.16718303,,,23.829105023790984
48,Hitter,Marcus Semien,678,98,25,79,12,0.347,x,x,x,x,x,x,11.55720189,15.93762268,19.05940738,,,23.695115731841423
49,Hitter,Austin Meadows,624,87,28,84,15,0.337,x,x,x,x,x,x,11.54648832,15.92284846,19.0363747,,,23.66648094759377
50,Hitter,Yoan Moncada,662,92,28,86,12,0.34,x,x,x,x,x,x,11.53291801,15.90413471,19.00720042,,,23.630210777844496
51,Hitter,Matt Chapman,656,95,34,97,3,0.343,x,x,x,x,x,x,11.44930895,15.78883607,18.82745255,,,23.406743883135515
52,Hitter,Jonathan Villar,657,78,17,64,32,0.327,x,x,x,x,x,x,11.44110999,15.77752953,18.8098259,,,23.38483000599404
53,Hitter,Gleyber Torres,618,86,34,98,6,0.34,x,x,x,x,x,x,11.39577898,15.71501713,18.71237054,,,23.263671147911626
54,Hitter,Jorge Soler,637,87,35,96,3,0.349,x,x,x,x,x,x,11.3828049,15.69712559,18.68447806,,,23.22899454289076
55,Pitcher,Walker Buehler,x,x,x,x,x,x,194,21,0,225,3.45,1.13,11.33863359,15.66766973,18.63855706,,,19.88144456436416
56,Hitter,Ozzie Albies,652,89,24,82,14,0.344,x,x,x,x,x,x,11.339148,15.63692182,18.59062179,,,23.112310160450694
57,Hitter,Eugenio Suarez,651,87,36,96,3,0.345,x,x,x,x,x,x,11.32140665,15.61245613,18.55248035,,,23.064891800742014
58,Hitter,Luis Robert,578,77,26,83,23,0.317,x,x,x,x,x,x,11.31803844,15.607811300000002,18.54523917,,,23.055889390818443
59,Hitter,Marcell Ozuna,634,82,31,100,7,0.343,x,x,x,x,x,x,11.290774699999998,15.57021403,18.4866259,True,12.0,22.98301995745248
60,Hitter,Javier Baez,637,84,32,100,14,0.313,x,x,x,x,x,x,11.28766377,15.56592399,18.47993784,True,10.0,22.974705199676343
61,Hitter,Josh Bell,641,83,29,95,2,0.369,x,x,x,x,x,x,11.28496236,15.56219869,18.47413018,,,22.96748497645074
62,Hitter,Andrew Benintendi,665,94,19,80,13,0.353,x,x,x,x,x,x,11.26483581,15.53444376,18.4308609,,,22.91369156216498
63,Hitter,Joey Votto,670,91,23,76,4,0.382,x,x,x,x,x,x,11.25707454,15.52374081,18.41417525,True,5.0,22.89294755895815
64,Hitter,Max Kepler,640,93,31,89,6,0.343,x,x,x,x,x,x,11.21722456,15.46878685,18.32850332,,,22.786438145740487
65,Hitter,Michael Conforto,603,82,31,85,5,0.358,x,x,x,x,x,x,10.99466719,15.16187559,17.85003587,,,22.191595852083136
66,Hitter,Ketel Marte,647,87,23,83,8,0.36,x,x,x,x,x,x,10.98100235,15.143031500000001,17.82065836,,,22.155073021887805
67,Hitter,Keston Hiura,613,79,29,92,12,0.33,x,x,x,x,x,x,10.89539653,15.02497928,17.63661772,,,21.926269251801113
68,Pitcher,Mike Clevinger,x,x,x,x,x,x,197,21,0,238,3.65,1.18,10.85176757,14.99492059,17.58975693,True,14.0,18.762706586066344
69,Pitcher,Stephen Strasburg,x,x,x,x,x,x,200,21,0,228,3.59,1.17,10.84659242,14.98776959,17.5786087,,,18.750814951106495
70,Hitter,Whit Merrifield,688,90,14,65,23,0.337,x,x,x,x,x,x,10.85406652,14.96798433,17.54776393,,,21.81580407335742
71,Hitter,Shin-Soo Choo,665,92,23,69,10,0.356,x,x,x,x,x,x,10.81956714,14.92040896,17.47359506,,,21.723595542246738
72,Pitcher,Shane Bieber,x,x,x,x,x,x,198,21,0,215,3.66,1.13,10.77726003,14.89196643,17.42925381,,,18.59150052797852
73,Hitter,Justin Turner,620,87,26,85,3,0.364,x,x,x,x,x,x,10.73029253,14.79729741,17.28166703,True,14.0,21.484985978351983
74,Hitter,Lorenzo Cain,656,85,16,65,19,0.349,x,x,x,x,x,x,10.73006887,14.79698899,17.28118621,,,21.484388211311327
75,Hitter,Andrew McCutchen,590,83,27,74,8,0.359,x,x,x,x,x,x,10.71780414,14.78007567,17.25481874,,,21.45160753556684
76,Hitter,Miguel Sano,581,84,37,97,1,0.337,x,x,x,x,x,x,10.71390457,14.77469808,17.24643521,,,21.441184928523988
77,Hitter,Edwin Encarnacion,578,81,35,92,2,0.346,x,x,x,x,x,x,10.68312974,14.73225894,17.18027358,,,21.358931191636955
78,Hitter,Victor Robles,609,71,17,71,27,0.326,x,x,x,x,x,x,10.67712338,14.72397604,17.16736074,,,21.342877636973558
79,Hitter,Jose Abreu,658,87,32,101,3,0.333,x,x,x,x,x,x,10.6692149,14.71307009,17.15035861,,,21.321740178184545
80,Hitter,Vladimir Guerrero Jr.,622,86,25,87,3,0.363,x,x,x,x,x,x,10.63694433,14.668568300000002,17.08098137,True,13.0,21.23548871725608
81,Hitter,Adam Eaton,656,90,15,65,12,0.366,x,x,x,x,x,x,10.54666444,14.54407045,16.88689213,,,20.99419228487429
82,Pitcher,Blake Snell,x,x,x,x,x,x,179,19.5,0,224,3.41,1.18,10.52477096,14.54307824,16.8853453,,,18.011322198999505
83,Hitter,Khris Davis,628,85,38,103,1,0.321,x,x,x,x,x,x,10.45098682,14.41212901,16.68119853,,,20.738469031778102
84,Pitcher,Clayton Kershaw,x,x,x,x,x,x,194,21,0,198,3.53,1.16,10.32997323,14.27390767,16.4657147,True,1.0,17.563709087933336
85,Pitcher,Charlie Morton,x,x,x,x,x,x,192,19.5,0,221,3.5,1.19,10.318555900000002,14.25813125,16.44111964,True,1.0,17.537473938915465
86,Hitter,Mike Moustakas,626,82,36,97,3,0.323,x,x,x,x,x,x,10.28145151,14.17833628,16.31672116,True,21.0,20.28534195958751
87,Hitter,Max Muncy,589,81,29,79,4,0.355,x,x,x,x,x,x,10.27993649,14.17624704,16.31346407,,,20.281292666607914
88,Hitter,Byron Buxton,542,73,20,73,23,0.317,x,x,x,x,x,x,10.27659985,14.17164574,16.30629076,,,20.27237463430809
89,Hitter,Eddie Rosario,634,86,30,102,5,0.32,x,x,x,x,x,x,10.26721795,14.1587079,16.28612097,,,20.24729906407612
90,Pitcher,Jack Flaherty,x,x,x,x,x,x,192,18,0,229,3.6,1.17,10.19943751,14.09353403,16.18451643,,,17.26375948354051
91,Hitter,Mallex Smith,588,66,7,48,39,0.318,x,x,x,x,x,x,10.13701118,13.97915004,16.00619448,,,19.89928768865852
92,Hitter,Jeff McNeil,660,88,20,73,9,0.348,x,x,x,x,x,x,10.05558796,13.86686573,15.83114588,,,19.681663039948333
93,Hitter,Franmil Reyes,572,80,36,93,1,0.329,x,x,x,x,x,x,10.01733972,13.8141206,15.74891746,,,19.579434681558187
94,Hitter,Jorge Polanco,664,91,19,82,7,0.344,x,x,x,x,x,x,9.987769034,13.77334201,15.68534459,,,19.500399353647833
95,Hitter,Michael Brantley,621,85,21,87,5,0.349,x,x,x,x,x,x,9.983032921,13.76681081,15.675162599999998,True,18.0,19.487740857682024
96,Hitter,Trey Mancini,657,86,30,90,1,0.338,x,x,x,x,x,x,9.953368933,13.72590356,15.61138915,,,19.40845616386964
97,Hitter,Ramon Laureano,597,76,23,79,14,0.327,x,x,x,x,x,x,9.923696977,13.68498531,15.54759856,,,19.32915016119515
98,Hitter,Justin Upton,624,81,30,91,5,0.325,x,x,x,x,x,x,9.841070274,13.57104136,15.36996262,,,19.108308868886596
99,Hitter,DJ LeMahieu,683,93,19,74,7,0.345,x,x,x,x,x,x,9.824716031,13.54848852,15.33480326,,,19.06459790308124
100,Hitter,Eloy Jimenez,590,80,33,95,1,0.329,x,x,x,x,x,x,9.815636666,13.53596788,15.31528389,,,19.040330950707478
101,Pitcher,Patrick Corbin,x,x,x,x,x,x,192,19.5,0,217,3.57,1.23,9.75634362,13.48126901,15.23000963,,,16.245602661130963
102,Hitter,Nicholas Castellanos,661,88,27,90,3,0.331,x,x,x,x,x,x,9.773113345,13.47732734,15.22386465,,,18.926676342842278
103,Hitter,Paul DeJong,642,79,29,89,7,0.322,x,x,x,x,x,x,9.743806483,13.43691256,15.16085897,,,18.848346159243285
104,Hitter,Joc Pederson,502,77,32,75,3,0.346,x,x,x,x,x,x,9.70966845,13.3898355,15.08746693,,,18.757103401956886
105,Hitter,Elvis Andrus,666,77,14,74,22,0.318,x,x,x,x,x,x,9.707368958,13.38666445,15.08252335,,,18.750957423863543
106,Hitter,Corey Seager,635,85,24,84,2,0.348,x,x,x,x,x,x,9.682166647,13.35190994,15.02834188,,,18.683597711330272
107,Hitter,Yuli Gurriel,620,81,24,93,5,0.332,x,x,x,x,x,x,9.650445901,13.30816637,14.96014667,,,18.598815778655762
108,Hitter,Oscar Mercado,617,77,16,67,23,0.313,x,x,x,x,x,x,9.629502303999999,13.27928471,14.91512085,,,18.542838591403832
109,Hitter,Bryan Reynolds,658,83,19,74,7,0.351,x,x,x,x,x,x,9.621767426,13.26861815,14.89849194,,,18.522165128735846
110,Hitter,Cavan Biggio,592,76,20,66,12,0.345,x,x,x,x,x,x,9.548031157999999,13.1669343,14.73996919,,,18.325085816011708
111,Hitter,Jean Segura,673,85,16,71,13,0.334,x,x,x,x,x,x,9.492947425,13.09097268,14.62154681,,,18.177860252100178
112,Hitter,Tim Anderson,638,78,21,79,17,0.308,x,x,x,x,x,x,9.488878888,13.08536209,14.61280002,True,4.0,18.166986031448932
113,Hitter,Yasiel Puig,514,64,23,75,13,0.335,x,x,x,x,x,x,9.416717978,12.98585068,14.45766408,,,17.974117282742434
114,Pitcher,Yu Darvish,x,x,x,x,x,x,185,18,0,221,3.87,1.19,9.345734542999999,12.91389135,14.34548117,,,15.302090591689018
115,Pitcher,Aaron Nola,x,x,x,x,x,x,198,19.5,0,221,3.82,1.24,9.335028817000001,12.89909823,14.32241904,,,15.277490594078946
116,Hitter,David Dahl,578,75,23,79,9,0.331,x,x,x,x,x,x,9.323187835,12.85687066,14.25658726,,,17.72413372208407
117,Hitter,Mark Canha,594,77,25,80,4,0.342,x,x,x,x,x,x,9.313288516,12.843219300000001,14.235305100000001,,,17.69767522659314
118,Hitter,Yasmani Grandal,544,74,25,73,3,0.358,x,x,x,x,x,x,9.307574998,12.83534024,14.22302183,,,17.682404368564214
119,Pitcher,Trevor Bauer,x,x,x,x,x,x,200,18,0,238,3.93,1.24,9.221517334,12.742248599999998,14.07789415,,,15.016659885484264
120,Hitter,Ryan Braun,532,69,25,80,9,0.329,x,x,x,x,x,x,9.228646413,12.72649607,14.05333632,,,17.47144724291477
121,Hitter,Rougned Odor,573,71,28,79,13,0.302,x,x,x,x,x,x,9.135593839,12.59817463,13.85328621,,,17.222740112933817
122,Hitter,Nick Senzel,597,74,18,63,17,0.323,x,x,x,x,x,x,9.071442317,12.50970834,13.71536934,,,17.051278528065627
123,Hitter,Amed Rosario,625,69,15,68,20,0.318,x,x,x,x,x,x,8.984720835,12.39011761,13.52893019,True,1.0,16.819492872398712
124,Pitcher,Carlos Carrasco,x,x,x,x,x,x,173,18,0,189,3.81,1.17,8.839075781,12.21379269,13.25404379,,,14.137872154816908
125,Hitter,Lourdes Gurriel Jr.,591,74,27,84,8,0.307,x,x,x,x,x,x,8.798505843,12.13332324,13.12859381,,,16.321785012619156
126,Hitter,David Peralta,605,77,22,77,3,0.342,x,x,x,x,x,x,8.793896634,12.12696705,13.11868464,,,16.309465693068702
127,Hitter,Brandon Lowe,611,75,25,78,7,0.321,x,x,x,x,x,x,8.790661371,12.12250555,13.11172928,,,16.30081862147457
128,Hitter,Jackie Bradley Jr.,576,73,20,72,11,0.325,x,x,x,x,x,x,8.777643901,12.10455419,13.08374352,,,16.26602604850405
129,Pitcher,Luis Castillo,x,x,x,x,x,x,190,18,0,215,3.85,1.25,8.745442798,12.08441108,13.05234089,,,13.922718963938863
130,Pitcher,Noah Syndergaard,x,x,x,x,x,x,195,18,0,200,3.89,1.21,8.704117972999999,12.02730864,12.96331952,,,13.827761321724324
131,Hitter,Brian Anderson,651,75,21,75,5,0.339,x,x,x,x,x,x,8.720038537999999,12.02511519,12.95989999,,,16.112060779937035
132,Hitter,Kolten Wong,577,62,12,61,16,0.347,x,x,x,x,x,x,8.672561308999999,11.9596431,12.85783054,,,15.98516557368979
133,Hitter,Eduardo Escobar,651,79,25,86,4,0.317,x,x,x,x,x,x,8.639675197999999,11.91429247,12.78712997,,,15.897268916933552
134,Hitter,Aristides Aquino,552,68,32,87,7,0.295,x,x,x,x,x,x,8.609720268,11.87298399,12.72273102,True,1.0,15.817206586409029
135,Hitter,Eric Hosmer,642,76,24,82,3,0.327,x,x,x,x,x,x,8.533487052,11.7678568,12.55884019,,,15.613453546935588
136,Pitcher,David Price,x,x,x,x,x,x,164,18,0,175,3.69,1.19,8.508027314,11.7563515,12.5409037,True,12.0,13.377177261949448
137,Pitcher,Tyler Glasnow,x,x,x,x,x,x,163,16.5,0,202,3.69,1.23,8.503322695,11.74985068,12.53076908,True,8.0,13.366366828230667
138,Hitter,Willie Calhoun,549,71,25,79,2,0.335,x,x,x,x,x,x,8.478927224,11.69261766,12.44154413,True,2.0,15.467628251260052
139,Hitter,Danny Santana,579,69,20,70,18,0.295,x,x,x,x,x,x,8.445865422,11.64702474,12.37046585,True,2.0,15.379262016306306
140,Hitter,Brandon Belt,566,69,18,64,5,0.358,x,x,x,x,x,x,8.439816643,11.63868335,12.35746181,True,2.0,15.36309507959951
141,Hitter,J.T. Realmuto,537,69,23,75,6,0.329,x,x,x,x,x,x,8.433798675,11.63038444,12.34452402,,,15.34701050649332
142,Hitter,Matt Carpenter,540,72,21,59,5,0.352,x,x,x,x,x,x,8.418043602000001,11.60865787,12.3106528,,,15.304900987457547
143,Hitter,Gregory Polanco,556,67,22,71,9,0.325,x,x,x,x,x,x,8.387672995,11.56677617,12.24536021,,,15.2237276620946
144,Hitter,Miguel Cabrera,603,71,20,77,1,0.35,x,x,x,x,x,x,8.367691574,11.53922137,12.20240293,,,15.170322133746788
145,Hitter,Gary Sanchez,459,66,31,78,1,0.324,x,x,x,x,x,x,8.311521622999999,11.46176184,12.08164533,,,15.020193367912128
146,Hitter,Christian Walker,566,68,24,78,5,0.325,x,x,x,x,x,x,8.29503278,11.43902338,12.0461966,,,14.976122650331568
147,Hitter,C.J. Cron,530,68,28,79,2,0.324,x,x,x,x,x,x,8.255088788,11.38393978,11.96032257,,,14.869361981511151
148,Hitter,Mitch Haniger,555,70,22,65,6,0.335,x,x,x,x,x,x,8.212832234,11.32566711,11.86947684,,,14.756420375134006
149,Hitter,Renato Nunez,608,72,29,85,2,0.311,x,x,x,x,x,x,8.194657836000001,11.30060424,11.83040441,,,14.707844586164523
150,Pitcher,Luis Severino,x,x,x,x,x,x,171,18,0,186,3.98,1.21,8.176700273,11.29852538,11.82716352,,,12.615842262874725
151,Pitcher,Chris Paddack,x,x,x,x,x,x,166,16.5,0,178,3.87,1.17,8.165634751,11.28323509,11.80332632,,,12.59041551074772
152,Hitter,Andrelton Simmons,633,71,13,73,11,0.328,x,x,x,x,x,x,8.180146854,11.28059329,11.79920781,,,14.669060219331813
153,Hitter,Kole Calhoun,576,71,23,71,4,0.332,x,x,x,x,x,x,8.175284527,11.27388804,11.78875448,,,14.656064386922404
154,Hitter,Hunter Dozier,628,73,22,81,4,0.322,x,x,x,x,x,x,8.144008799,11.23075816,11.72151601,True,1.0,14.57247189653082
155,Hitter,Daniel Murphy,549,70,20,77,2,0.341,x,x,x,x,x,x,8.119240657,11.19660237,11.66826794,True,1.0,14.506272609428578
156,Hitter,Cesar Hernandez,578,71,11,56,9,0.356,x,x,x,x,x,x,8.114405535,11.18993464,11.6578731,True,6.0,14.493349493200293
157,Hitter,Niko Goodrum,636,72,18,70,13,0.309,x,x,x,x,x,x,8.097084285,11.16604827,11.62063482,True,7.0,14.447053963824043
158,Hitter,Yandy Diaz,586,69,13,63,5,0.361,x,x,x,x,x,x,8.088669804,11.15444453,11.60254485,True,2.0,14.424564076064712
159,Hitter,Dansby Swanson,605,69,18,67,10,0.325,x,x,x,x,x,x,8.075767538,11.13665203,11.57480677,True,3.0,14.390079424854164
160,Hitter,Didi Gregorius,600,70,24,83,6,0.308,x,x,x,x,x,x,8.056320107000001,11.10983362,11.53299749,True,1.0,14.338101117842134
161,Hitter,Randal Grichuk,548,71,30,84,3,0.298,x,x,x,x,x,x,7.992161133,11.02135705,11.3950646,True,4.0,14.166619616522897
162,Pitcher,Andrew Heaney,x,x,x,x,x,x,168,16.5,0,182,4.01,1.18,7.969410645,11.01209356,11.38062303,True,14.0,12.139524811416441
163,Pitcher,Max Fried,x,x,x,x,x,x,172,18,0,178,3.6,1.29,7.967097681,11.00889752,11.37564048,True,3.0,12.134210006665446
164,Pitcher,Lucas Giolito,x,x,x,x,x,x,191,18,0,219,4.26,1.27,7.948412672000001,10.98307866,11.33538949,True,2.0,12.091274932680392
165,Hitter,Ryan McMahon,532,64,20,72,5,0.337,x,x,x,x,x,x,7.96214894,10.97996961,11.33054255,True,6.0,14.08640424510427
166,Pitcher,Lance Lynn,x,x,x,x,x,x,192,18,0,207,4.07,1.28,7.922923532,10.94785789,11.28048113,True,6.0,12.032705081379888
167,Pitcher,Zack Greinke,x,x,x,x,x,x,199,21,0,180,4.27,1.24,7.909266741000001,10.928987,11.25106186,True,4.0,12.001324026304315
168,Hitter,Trent Grisham,522,66,18,56,10,0.335,x,x,x,x,x,x,7.91894674,10.92039288,11.23766382,,,13.970935164009658
169,Hitter,Kevin Kiermaier,555,63,17,62,18,0.302,x,x,x,x,x,x,7.918321625,10.91953083,11.23631991,,,13.969264382628669
170,Hitter,Justin Smoak,472,63,24,68,1,0.349,x,x,x,x,x,x,7.914186344,10.91382819,11.22742963,,,13.958211771742691
171,Hitter,Kyle Tucker,409,56,20,59,14,0.315,x,x,x,x,x,x,7.840619566,10.81237807,11.06927127,,,13.761585477470248
172,Hitter,Kevin Newman,577,63,9,54,18,0.329,x,x,x,x,x,x,7.826713353,10.79320111,11.03937484,,,13.724417513393767
173,Pitcher,Brandon Woodruff,x,x,x,x,x,x,183,18,0,201,4.07,1.28,7.800304395,10.77842335,11.01633666,,,11.750946487064736
174,Hitter,Nomar Mazara,523,66,25,77,3,0.318,x,x,x,x,x,x,7.77714689,10.72484792,10.93281383,,,13.59193829123802
175,Hitter,Hunter Renfroe,560,69,30,82,4,0.293,x,x,x,x,x,x,7.771559914,10.71714337,10.9208026,,,13.577005639909602
176,Hitter,Kyle Seager,593,69,26,78,3,0.312,x,x,x,x,x,x,7.73624522,10.66844367,10.84488091,,,13.48261796062663
177,Hitter,Jesse Winker,482,62,17,57,3,0.368,x,x,x,x,x,x,7.701206077999999,10.62012396,10.76955162,True,4.0,13.388966767336093
178,Pitcher,Zack Wheeler,x,x,x,x,x,x,189,16.5,0,194,4.13,1.23,7.6674973689999995,10.59491124,10.73024558,,,11.445777802114021
179,Hitter,Willy Adames,595,67,18,69,7,0.326,x,x,x,x,x,x,7.68046236,10.59151794,10.72495551,True,3.0,13.333523805937997
180,Hitter,Brett Gardner,509,67,17,57,10,0.327,x,x,x,x,x,x,7.657258027,10.55951868,10.67506941,,,13.271504201165259
181,Pitcher,German Marquez,x,x,x,x,x,x,187,18,0,194,4.18,1.26,7.622613916000001,10.5328915,10.63355826,True,14.0,11.342643016171692
182,Hitter,Scott Kingery,605,65,19,69,15,0.294,x,x,x,x,x,x,7.618227851,10.50569525,10.59115995,True,12.0,13.16718593323303
183,Pitcher,Eduardo Rodriguez,x,x,x,x,x,x,193,19.5,0,201,4.2,1.31,7.593432935,10.49256936,10.57069699,,,11.275589925595673
184,Hitter,Brandon Nimmo,509,63,15,50,7,0.358,x,x,x,x,x,x,7.603871992,10.48589822,10.56029685,True,9.0,13.128816181657713
185,Hitter,Anthony Santander,582,68,24,78,5,0.306,x,x,x,x,x,x,7.598176349,10.47804381,10.54805201,,,13.113593100733258
186,Hitter,Avisail Garcia,502,61,21,70,6,0.324,x,x,x,x,x,x,7.580256706,10.45333225,10.50952726,True,11.0,13.065698200771775
187,Hitter,Dexter Fowler,555,64,17,58,8,0.336,x,x,x,x,x,x,7.563129437000001,10.42971339,10.47270601,,,13.019921133167006
188,Hitter,Todd Frazier,488,61,22,66,4,0.331,x,x,x,x,x,x,7.4606927370000005,10.28845104,10.25248132,True,2.0,12.746132477910354
189,Hitter,Michael Chavis,534,67,24,74,3,0.313,x,x,x,x,x,x,7.44028931,10.26031429,10.20861679,True,1.0,12.6915990344433
190,Hitter,Miguel Andujar,531,67,23,77,3,0.312,x,x,x,x,x,x,7.434163777,10.25186705,10.19544774,,,12.675226953317848
191,Hitter,Luis Arraez,544,65,6,57,6,0.369,x,x,x,x,x,x,7.421334057999999,10.2341746,10.16786563,,,12.640936207779546
192,Pitcher,Robbie Ray,x,x,x,x,x,x,174,16.5,0,214,4.13,1.32,7.385971856,10.20590063,7.231276547999999,,,7.713484652048951
193,Hitter,Jonathan Schoop,557,67,26,79,2,0.306,x,x,x,x,x,x,7.38869147,10.18915979,7.212634709,,,8.966921728143017
194,Pitcher,Dinelson Lamet,x,x,x,x,x,x,144,13.5,0,182,3.75,1.22,7.371795999,10.1863125,7.209464092999999,,,7.690217662361972
195,Hitter,Mike Yastrzemski,619,71,19,64,7,0.316,x,x,x,x,x,x,7.3593855260000005,10.14874628,7.1676320570000005,,,8.91097334390843
196,Hitter,Ian Happ,457,57,20,59,7,0.332,x,x,x,x,x,x,7.313798558999999,10.085880900000001,7.097628021,,,8.823942635049317
197,Hitter,J.P. Crawford,638,71,14,61,8,0.325,x,x,x,x,x,x,7.27361324,10.03046451,7.0359188370000005,,,8.74722428660099
198,Pitcher,Sonny Gray,x,x,x,x,x,x,175,16.5,0,191,3.94,1.31,7.256401381,10.02686077,7.0319058729999995,True,6.0,7.500819207507701
199,Pitcher,Matthew Boyd,x,x,x,x,x,x,183,15,0,201,4.34,1.22,7.2559503020000005,10.02623747,7.031211795,,,7.500078845835072
200,Hitter,Robinson Cano,565,67,20,74,1,0.327,x,x,x,x,x,x,7.246454051000001,9.993011421,6.994212775,True,7.0,8.695374302700316
201,Hitter,Jurickson Profar,529,59,18,63,7,0.327,x,x,x,x,x,x,7.184374588,9.907402545,6.898882612,,,8.57685754087326
202,Hitter,Ji-Man Choi,471,59,18,60,3,0.347,x,x,x,x,x,x,7.130202966000001,9.832698747,6.815695849,True,2.0,8.473437747311857
203,Hitter,Alex Verdugo,496,60,15,62,5,0.342,x,x,x,x,x,x,7.123982857000001,9.824121087,6.806144155,True,1.0,8.461562850561256
204,Pitcher,Corey Kluber,x,x,x,x,x,x,187,16.5,0,188,4.23,1.26,7.105369181,9.818165194,6.799511943,,,7.2529283959220034
205,Hitter,Corey Dickerson,563,65,20,69,4,0.317,x,x,x,x,x,x,7.0509178939999995,9.723362977,6.693944491,,,8.322073517522313
206,Pitcher,Edwin Diaz,x,x,x,x,x,x,65,0,31,98,2.9,1.05,7.032465847999999,9.717427717,6.687335255,,,7.133271353978974
207,Hitter,Salvador Perez,550,66,27,82,2,0.291,x,x,x,x,x,x,7.045676976,9.716135642000001,6.685896458999999,,,8.312068009698724
208,Hitter,J.D. Davis,486,59,21,65,3,0.329,x,x,x,x,x,x,7.04450091,9.714513822999999,6.684090474,,,8.30982276551396
209,Hitter,Tommy Edman,495,57,11,51,15,0.322,x,x,x,x,x,x,7.027441209,9.690988139,6.657893339,,,8.277253854356783
210,Pitcher,Jose Berrios,x,x,x,x,x,x,198,19.5,0,190,4.49,1.29,6.990055735,9.658825624,6.622078621,,,7.063663167725526
211,Pitcher,Frankie Montas,x,x,x,x,x,x,186,18,0,176,4.17,1.29,6.983783283999999,9.650158382,6.6124271729999995,,,7.053368125691953
212,Pitcher,Aroldis Chapman,x,x,x,x,x,x,65,0,34,94,3.01,1.12,6.980841433999999,9.646093347999999,6.607900534,,,7.048539633762472
213,Hitter,Jason Heyward,507,59,14,58,6,0.342,x,x,x,x,x,x,6.98713465,9.635404552,6.5959979760000005,,,8.200304043677553
214,Hitter,Adam Frazier,568,66,10,54,7,0.341,x,x,x,x,x,x,6.908460388,9.526911103,6.4751845889999995,,,8.050105922096673
215,Pitcher,Josh Hader,x,x,x,x,x,x,65,0,28,106,2.95,1.04,6.876904644,9.502473987,6.447972525,,,6.877947037190372
216,Hitter,Evan Longoria,572,64,21,74,3,0.31,x,x,x,x,x,x,6.882278578999999,9.490805842,6.434979407999999,,,8.000121869716622
217,Hitter,Nick Madrigal,440,50,5,44,18,0.337,x,x,x,x,x,x,6.81903156,9.403586882,6.337856326,,,7.879376107671679
218,Hitter,Shed Long,550,62,16,58,10,0.311,x,x,x,x,x,x,6.815858276,9.399210857,6.332983383999999,,,7.873317948446554
219,Hitter,Teoscar Hernandez,475,58,22,62,7,0.302,x,x,x,x,x,x,6.746599977000001,9.303702217,6.226629291,,,7.741095970504341
220,Pitcher,Chris Archer,x,x,x,x,x,x,180,15,0,196,4.19,1.3,6.732715821,9.303234561,6.226108531,,,6.641288336447611
221,Pitcher,Mike Soroka,x,x,x,x,x,x,189,18,0,165,4.12,1.3,6.730858911,9.300668692,6.223251296,,,6.638240570513961
222,Hitter,Albert Pujols,513,62,22,73,2,0.308,x,x,x,x,x,x,6.733884965,9.28616795,6.207103927,,,7.7168215662449615
223,Hitter,Isan Diaz,572,61,19,61,7,0.312,x,x,x,x,x,x,6.72777598,9.277743532999999,6.1977228779999995,,,7.705158819481159
224,Hitter,JaCoby Jones,552,62,16,58,12,0.299,x,x,x,x,x,x,6.685175151,9.218996099,6.132304399,,,7.623828985871923
225,Hitter,A.J. Pollock,449,57,18,59,7,0.316,x,x,x,x,x,x,6.6844611039999995,9.218011413,6.131207897,,,7.622465788093936
226,Hitter,Nick Ahmed,600,61,18,70,7,0.304,x,x,x,x,x,x,6.637416997000001,9.153136607999999,6.058966255,True,3.0,7.532653233394857
227,Pitcher,Kirby Yates,x,x,x,x,x,x,65,0,32,89,3.21,1.09,6.614742165,9.140219127,6.044581933,,,6.447656877559633
228,Pitcher,Liam Hendriks,x,x,x,x,x,x,70,0,30,92,3.18,1.08,6.592386101000001,9.109327625,6.010182557,True,1.0,6.410963624707971
229,Pitcher,Madison Bumgarner,x,x,x,x,x,x,199,16.5,0,192,4.51,1.27,6.578463877999999,9.090089962,5.9887603679999994,,,6.388112925392578
230,Hitter,Eric Thames,439,55,19,57,4,0.33,x,x,x,x,x,x,6.5859988970000005,9.082229974,5.980007841,True,4.0,7.434490225467554
231,Pitcher,James Paxton,x,x,x,x,x,x,126,13.5,0,147,3.86,1.19,6.567312487000001,9.074681024,5.971601672,True,2.0,6.369810024464004
232,Pitcher,Hyun-Jin Ryu,x,x,x,x,x,x,186,16.5,0,165,4.26,1.26,6.543157977000001,9.041304437,5.9344350189999995,,,6.330164962408837
233,Hitter,Mauricio Dubon,556,55,14,58,13,0.305,x,x,x,x,x,x,6.543440417999999,9.023540944,5.9146543970000005,,,7.353241244941571
234,Hitter,Domingo Santana,416,52,17,54,5,0.338,x,x,x,x,x,x,6.52797773,9.002217575,5.89090966,,,7.3237212142281525
235,Hitter,Jake Lamb,463,54,18,58,3,0.336,x,x,x,x,x,x,6.512925794,8.98146064,5.867795678999999,,,7.294985354613057
236,Hitter,Travis Shaw,434,54,20,58,3,0.329,x,x,x,x,x,x,6.501643484,8.965902099,5.850470392,,,7.273446139234139
237,Hitter,Victor Reyes,522,58,10,51,15,0.308,x,x,x,x,x,x,6.500914811,8.964897244,5.849351432000001,,,7.272055021127964
238,Pitcher,Jon Gray,x,x,x,x,x,x,186,16.5,0,190,4.32,1.32,6.487261851,8.964067437999999,5.848427397000001,,,6.238422035990167
239,Pitcher,Dylan Bundy,x,x,x,x,x,x,178,16.5,0,177,4.47,1.26,6.483253186000001,8.958528284,5.842259246,,,6.231842570005951
240,Pitcher,Miles Mikolas,x,x,x,x,x,x,192,16.5,0,153,4.2,1.25,6.456311857999999,8.921300885,5.800804502999999,,,6.187623472345583
241,Pitcher,Garrett Richards,x,x,x,x,x,x,165,15,0,171,3.9,1.33,6.4345939329999995,8.89129116,5.767387032,,,6.151977601529029
242,Hitter,Gavin Lux,451,52,14,55,8,0.328,x,x,x,x,x,x,6.4415707620000004,8.883060561,5.758221811,,,7.158760474600785
243,Pitcher,Lance McCullers Jr.,x,x,x,x,x,x,138,15,0,149,3.77,1.29,6.427427655,8.881388832,5.756360249,,,6.1402155121016095
244,Pitcher,Jesus Luzardo,x,x,x,x,x,x,149,15,0,151,3.98,1.26,6.397916678,8.840610704,5.710951574,,,6.091778819719924
245,Hitter,Giovanny Urshela,550,64,18,70,2,0.311,x,x,x,x,x,x,6.391282465,8.81371195,5.6809983420000005,,,7.062754392213912
246,Pitcher,Craig Kimbrel,x,x,x,x,x,x,65,0,35,90,3.58,1.2,6.3784187910000005,8.813668617000001,5.6809500879999995,,,6.059776724341111
247,Pitcher,Jose Urquidy,x,x,x,x,x,x,168,16.5,0,164,4.48,1.24,6.370797102,8.803137005,5.669222561000001,,,6.047267162727678
248,Hitter,Nick Solak,424,51,15,55,5,0.339,x,x,x,x,x,x,6.370472713,8.785014868,5.649042571,,,7.023026205652362
249,Hitter,Alex Gordon,498,57,13,56,5,0.334,x,x,x,x,x,x,6.341624467999999,8.745232535,5.604742769,,,6.967951621518694
250,Pitcher,Kenley Jansen,x,x,x,x,x,x,65,0,37,75,3.84,1.13,6.325133004,8.740038571,5.598959006,,,5.972318175575361
251,Hitter,Starlin Castro,502,58,15,66,3,0.324,x,x,x,x,x,x,6.33754751,8.739610326000001,5.598482131,,,6.960168245099507
252,Hitter,Christin Stewart,494,59,19,60,1,0.327,x,x,x,x,x,x,6.32853973,8.727188409,5.584649647000001,,,6.9429713667966295
253,Hitter,Mitch Moreland,442,54,22,64,1,0.317,x,x,x,x,x,x,6.281074565,8.661732955,5.511761422,,,6.852354964490447
254,Pitcher,Jake Odorizzi,x,x,x,x,x,x,172,18,0,179,4.59,1.31,6.260232032999999,8.650358719,5.499095587999999,,,5.86579549774233
255,Hitter,Austin Hays,446,53,19,59,8,0.299,x,x,x,x,x,x,6.267639131,8.643205212,5.491129766,,,6.826705191288551
256,Hitter,Maikel Franco,442,54,19,61,1,0.33,x,x,x,x,x,x,6.26378976,8.637896847999999,5.485218613,,,6.8193563030649536
257,Hitter,David Fletcher,549,65,6,51,8,0.333,x,x,x,x,x,x,6.26031274,8.633101964,5.479879248,,,6.8127182754974065
258,Hitter,Willson Contreras,408,50,16,56,3,0.342,x,x,x,x,x,x,6.244993615,8.611976572,5.4563549689999995,True,1.0,6.783472323495874
259,Hitter,Steven Souza Jr.,376,49,17,51,6,0.33,x,x,x,x,x,x,6.234381777,8.597342626,5.440059269,,,6.763213115550272
260,Hitter,Tyler O'Neill,449,53,22,63,5,0.297,x,x,x,x,x,x,6.194669145,8.542578077,5.37907595,True,7.0,6.687397180006908
261,Pitcher,Marcus Stroman,x,x,x,x,x,x,179,16.5,0,154,3.9,1.35,6.16167268,8.514169876,5.3474418660000005,,,5.704028948045566
262,Hitter,Hanser Alberto,582,63,12,61,6,0.315,x,x,x,x,x,x,6.140873074,8.468392171,5.296465888999999,True,1.0,6.584694356305078
263,Hitter,Buster Posey,518,56,11,56,2,0.347,x,x,x,x,x,x,6.10980255,8.425545271,5.248753523,True,1.0,6.525377190158753
264,Hitter,Evan White,526,58,19,63,3,0.31,x,x,x,x,x,x,6.104305279,8.41796442,5.24031183,,,6.514882273469077
265,Hitter,Nick Markakis,462,53,11,57,1,0.355,x,x,x,x,x,x,6.075074722999999,8.377654873,5.195424946,,,6.4590778148090555
266,Pitcher,Joe Musgrove,x,x,x,x,x,x,179,15,0,163,4.27,1.28,6.033143021,8.336568208,5.149672698,,,5.493071804878581
267,Pitcher,Roberto Osuna,x,x,x,x,x,x,65,0,33,76,3.64,1.13,6.030636466,8.333104662,5.145815851,,,5.488957769141969
268,Hitter,Miguel Rojas,588,58,9,54,8,0.325,x,x,x,x,x,x,6.035378854,8.32291344,5.134467368,,,6.383293881098796
269,Pitcher,Kyle Hendricks,x,x,x,x,x,x,179,16.5,0,151,4.32,1.28,5.981397029,8.265065843,5.0700509060000005,,,5.408140539080083
270,Hitter,Alex Dickerson,461,51,14,57,3,0.336,x,x,x,x,x,x,5.988079619,8.257686807999999,5.061833947,True,2.0,6.292994257281501
271,Hitter,Brian Dozier,402,50,17,49,5,0.326,x,x,x,x,x,x,5.947387641000001,8.201571721,4.999346729,,,6.2153086381669995
272,Hitter,Kevin Pillar,455,50,14,56,10,0.302,x,x,x,x,x,x,5.928850711,8.176008906,4.970881138,True,4.0,6.179919527704517
273,Pitcher,Joey Lucchesi,x,x,x,x,x,x,185,16.5,0,177,4.34,1.35,5.913878562000001,8.171769148,4.966159935,,,5.297321736206807
274,Hitter,Luis Urias,493,52,13,55,4,0.333,x,x,x,x,x,x,5.914728606000001,8.15653423,4.949195021,True,6.0,6.152958823111548
275,Pitcher,Brad Hand,x,x,x,x,x,x,65,0,33,80,3.68,1.19,5.900625922000001,8.153456712999999,4.945768038,True,1.0,5.275570032549563
276,Pitcher,Taylor Rogers,x,x,x,x,x,x,65,0,31,77,3.44,1.16,5.862105398,8.100229237,4.886496333,,,5.212345872363805
277,Pitcher,Zac Gallen,x,x,x,x,x,x,145,13.5,0,159,4.21,1.28,5.827763285,8.052775469,4.833653968999999,,,5.155979785271655
278,Pitcher,Johnny Cueto,x,x,x,x,x,x,182,15,0,156,4.2,1.3,5.817886378,8.039127606000001,4.818456327,,,5.139768708633084
279,Pitcher,Kevin Gausman,x,x,x,x,x,x,155,13.5,0,146,4.05,1.27,5.816596812999999,8.037345692,4.816472068,,,5.137652131948374
280,Pitcher,Ken Giles,x,x,x,x,x,x,65,0,30,82,3.57,1.16,5.778651892999999,7.984913582999999,4.758086048,,,5.075372717494395
281,Pitcher,Jose Quintana,x,x,x,x,x,x,177,16.5,0,158,4.31,1.33,5.752474707999999,7.948742072999999,4.717807093999999,,,5.0324078147670175
282,Pitcher,Masahiro Tanaka,x,x,x,x,x,x,183,16.5,0,160,4.54,1.29,5.716305475,7.8987636,4.662153332,,,4.973042855320886
283,Pitcher,Cole Hamels,x,x,x,x,x,x,164,15,0,160,4.25,1.33,5.6592444639999995,7.819916967999999,4.574353297,,,4.879387991214054
284,Pitcher,Mike Minor,x,x,x,x,x,x,201,16.5,0,186,4.64,1.33,5.651938605,7.809821767000001,4.563111739,,,4.867396804800073
285,Pitcher,Hector Neris,x,x,x,x,x,x,65,0,31,82,3.86,1.2,5.574506338,7.70282623,4.443966359,,,4.740306372855976
286,Pitcher,Josh Lindblom,x,x,x,x,x,x,178,15,0,174,4.62,1.3,5.545102561,7.662196231,4.398722633,,,4.69204562888
287,Pitcher,Julio Urias,x,x,x,x,x,x,127,13.5,0,134,3.99,1.3,5.460124461,7.544773899,4.267966447,,,4.552570139707841
288,Pitcher,Caleb Smith,x,x,x,x,x,x,179,13.5,0,189,4.6,1.32,5.443111113,7.521264936000001,4.241787932,,,4.524645945089426
289,Pitcher,Steven Matz,x,x,x,x,x,x,159,15,0,153,4.36,1.32,5.438994988999999,7.515577296,4.235454433,,,4.517890105092714
290,Pitcher,Jose Leclerc,x,x,x,x,x,x,68,0,29,93,3.75,1.28,5.414554705,7.481805828,4.197848057,,,4.477775997691385
291,Pitcher,Raisel Iglesias,x,x,x,x,x,x,65,0,31,78,3.9,1.22,5.395076886,7.454891471,4.167877449,,,4.445806839371127
292,Pitcher,Nathan Eovaldi,x,x,x,x,x,x,143,15,0,136,4.27,1.31,5.33518727,7.372136285,4.075725025,,,4.347509352965397
293,Pitcher,Shohei Ohtani,x,x,x,x,x,x,101,10.5,0,123,3.74,1.22,5.294053324,7.315297594,4.012432036,,,4.279995754779358
294,Pitcher,Nick Anderson,x,x,x,x,x,x,65,0,20,89,3.25,1.08,5.284995692,7.302781802999999,3.9984950180000003,True,3.0,4.265129365183449
295,Pitcher,Brandon Workman,x,x,x,x,x,x,68,0,32,82,3.89,1.32,5.274629684,7.288458102000001,3.982544795,,,4.2481155226771365
296,Pitcher,Griffin Canning,x,x,x,x,x,x,135,13.5,0,139,4.36,1.28,5.215700286000001,7.207029741,3.891869863,True,2.0,4.1513940528695645
297,Pitcher,Keone Kela,x,x,x,x,x,x,65,0,27,81,3.63,1.22,5.190202613,7.171797177999999,3.852636478,,,4.109544441526858
298,Pitcher,Archie Bradley,x,x,x,x,x,x,65,0,33,72,3.94,1.31,5.168014459,7.141137694,3.818495465,True,1.0,4.073126780269837
299,Pitcher,Pablo Lopez,x,x,x,x,x,x,157,13.5,0,135,4.18,1.3,5.159984081,7.130041355,3.8061390860000004,True,5.0,4.0599464324932395
300,Pitcher,Anthony DeSclafani,x,x,x,x,x,x,153,13.5,0,151,4.51,1.29,5.129409494,7.0877935370000005,3.75909383,,,4.009764025874026
301,Pitcher,Mitch Keller,x,x,x,x,x,x,140,12,0,149,4.16,1.32,5.120848965,7.0759646389999995,3.7459217060000003,,,3.9957135362219627
302,Pitcher,Luke Weaver,x,x,x,x,x,x,134,12,0,138,4.25,1.28,5.0384748319999995,6.962140455,3.619172254,,,3.8605119648025954
303,Pitcher,Kenta Maeda,x,x,x,x,x,x,154,15,0,156,4.66,1.33,5.029950441,6.950361493,3.606055736,,,3.846520789163032
304,Pitcher,A.J. Puk,x,x,x,x,x,x,126,12,0,137,4.14,1.33,4.8709480339999995,6.730652726000001,3.361398013,,,3.585548389775584
305,Pitcher,Mike Foltynewicz,x,x,x,x,x,x,181,15,0,170,4.73,1.35,4.837660337,6.684655946,3.3101780830000003,,,3.5309129265469936
306,Pitcher,Dallas Keuchel,x,x,x,x,x,x,197,18,0,150,4.39,1.42,4.818144521000001,6.657689083999999,3.280149008,,,3.498881402432238
307,Pitcher,Carlos Martinez,x,x,x,x,x,x,128,10.5,7,121,4.15,1.36,4.792502851,6.622257547,3.2406940539999995,,,3.456795447054073
308,Pitcher,Joe Jimenez,x,x,x,x,x,x,65,0,29,76,4.2,1.27,4.773580314,6.596110476000001,3.2115778610000003,,,3.4257376792670415
309,Pitcher,Ian Kennedy,x,x,x,x,x,x,65,0,31,66,4.35,1.25,4.741303304,6.5515102579999995,3.16191308,,,3.372761068090855
310,Pitcher,Rick Porcello,x,x,x,x,x,x,165,13.5,0,148,4.62,1.31,4.676553819,6.462039728,3.062282754,,,3.266487025689284
311,Pitcher,Tony Watson,x,x,x,x,x,x,68,0,28,63,3.88,1.26,4.614196864,6.375875186,2.966333826,,,3.164139870440016
312,Pitcher,Jakob Junis,x,x,x,x,x,x,182,15,0,160,4.78,1.34,4.605426986,6.36375701,2.952839574,,,3.149745772108696
313,Pitcher,Kyle Gibson,x,x,x,x,x,x,174,15,0,157,4.45,1.41,4.580834655,6.329775445,2.914999243,,,3.1093821087278948
314,Pitcher,Sean Manaea,x,x,x,x,x,x,162,15,0,133,4.58,1.33,4.570720252,6.3157994120000005,2.899436166,,,3.0927812285401006
315,Pitcher,Yonny Chirinos,x,x,x,x,x,x,135,12,0,118,4.27,1.28,4.564061816000001,6.306598816,2.8891907999999997,,,3.081852663870909
316,Pitcher,Giovanny Gallegos,x,x,x,x,x,x,65,0,21,77,3.71,1.17,4.5426542439999995,6.277017935,2.856250872,,,3.0467161803771514
317,Pitcher,Alex Colome,x,x,x,x,x,x,65,0,31,65,4.24,1.33,4.5317554410000005,6.261958022000001,2.839480835,,,3.028827855659496
318,Pitcher,Danny Duffy,x,x,x,x,x,x,184,15,0,159,4.73,1.36,4.479579258999999,6.189861222,2.759197107,,,2.943190513535089
319,Pitcher,Alex Wood,x,x,x,x,x,x,119,12,0,103,4.06,1.29,4.460416002,6.163381525,2.729710517,True,5.0,2.9117376493144334
320,Pitcher,Adrian Houser,x,x,x,x,x,x,155,13.5,0,145,4.45,1.38,4.419406949,6.106715412000001,2.6666097019999997,,,2.844429039997189
321,Pitcher,Marco Gonzales,x,x,x,x,x,x,193,15,0,147,4.62,1.35,4.405211493,6.087100198,2.644767088,True,5.0,2.821129880197219
322,Pitcher,Jon Lester,x,x,x,x,x,x,176,15,0,158,4.73,1.38,4.373989384,6.043957637999999,2.596725489,,,2.7698846907639814
323,Pitcher,Mark Melancon,x,x,x,x,x,x,65,0,26,61,3.72,1.29,4.3491895519999995,6.009689347999999,2.558565875,True,4.0,2.729180453418983
324,Pitcher,Brendan McKay,x,x,x,x,x,x,92,9,0,101,3.91,1.22,4.3145795,5.961865344,2.505311232,True,2.0,2.6723745950474815
325,Pitcher,Chris Bassitt,x,x,x,x,x,x,124,12,0,114,4.41,1.3,4.225282273,5.838474861,2.367909184,,,2.5258100733654527
326,Pitcher,Vince Velasquez,x,x,x,x,x,x,119,10.5,0,130,4.54,1.29,4.219460142,5.830429869,2.358950645,,,2.5162541460512924
327,Pitcher,Michael Pineda,x,x,x,x,x,x,129,12,0,117,4.63,1.29,4.058568929,5.608111159,2.111386607,,,2.2521816278953644
328,Pitcher,Brad Peacock,x,x,x,x,x,x,119,12,0,126,4.63,1.34,4.041382167,5.584362574,2.0849412590000003,,,2.2239728068715703
329,Pitcher,Jeff Samardzija,x,x,x,x,x,x,191,13.5,0,153,4.75,1.35,4.031670602,5.5709431789999995,2.06999803,,,2.2080331084271188
330,Pitcher,Sean Newcomb,x,x,x,x,x,x,131,12,0,132,4.37,1.4,4.018199295,5.552328592,2.049269669,,,2.185922504113438
331,Pitcher,Brandon Kintzler,x,x,x,x,x,x,65,0,27,54,4,1.33,3.9953631080000003,5.520773657,2.014131524,,,2.1484412184289714
332,Pitcher,Hansel Robles,x,x,x,x,x,x,65,0,23,71,4.21,1.27,3.987505287,5.509915757999999,2.002040659,,,2.135544090101983
333,Pitcher,Drew Smyly,x,x,x,x,x,x,121,10.5,0,123,4.46,1.32,3.970281977,5.4861166710000004,1.975539074,,,2.1072752819882887
334,Pitcher,Dustin May,x,x,x,x,x,x,102,10.5,0,89,4.07,1.27,3.9684512069999998,5.483586921000001,1.97272206,,,2.10427041913878
335,Pitcher,Reynaldo Lopez,x,x,x,x,x,x,159,13.5,0,148,4.97,1.35,3.905283738,5.396302414,1.87552599,,,2.0005929578761723
336,Pitcher,Yusei Kikuchi,x,x,x,x,x,x,173,13.5,0,141,4.74,1.37,3.793135641,5.24133671,1.702963206,,,1.816523053058747
337,Pitcher,Sean Doolittle,x,x,x,x,x,x,60,0,19,66,4.07,1.2,3.734647743,5.160518411,1.6129676119999998,,,1.7205262220064172
338,Pitcher,Wade Miley,x,x,x,x,x,x,147,13.5,0,129,4.47,1.44,3.6905429339999998,5.099574597,1.545103343,,,1.648136514064906
339,Pitcher,Aaron Civale,x,x,x,x,x,x,148,13.5,0,116,4.81,1.33,3.682340087,5.0882399430000005,1.5324815859999998,True,1.0,1.634673091907677
340,Pitcher,Adam Wainwright,x,x,x,x,x,x,145,12,0,123,4.45,1.39,3.6500158710000004,5.043574495,1.482744167,,,1.5816189989626168
341,Pitcher,Eric Lauer,x,x,x,x,x,x,148,13.5,0,135,4.79,1.4,3.647353538,5.0398956969999995,1.478647625,True,1.0,1.5772492844822306
342,Pitcher,Mike Leake,x,x,x,x,x,x,175,13.5,0,119,4.7,1.34,3.588300095,4.958295931,1.387781825,,,1.4803242188947445
343,Pitcher,Nick Pivetta,x,x,x,x,x,x,93,7.5,0,102,4.18,1.27,3.571477057,4.935049938,1.36189614,True,1.0,1.4527123812572396
344,Pitcher,Spencer Turnbull,x,x,x,x,x,x,139,12,0,127,4.65,1.39,3.533000103,4.881882666,1.302691476,True,2.0,1.3895597326118185
345,Pitcher,Martin Perez,x,x,x,x,x,x,162,15,0,126,4.62,1.44,3.5252664639999995,4.871196361,1.290791692,,,1.376866427268368
346,Pitcher,Will Smith,x,x,x,x,x,x,65,0,8,84,3.38,1.16,3.495620548,4.830231776000001,1.245175387,,,1.3282082593549862
347,Pitcher,Jake Arrieta,x,x,x,x,x,x,168,13.5,0,139,4.75,1.41,3.4739806260000003,4.800329835,1.21187794,,,1.292690416179987
348,Pitcher,J.A. Happ,x,x,x,x,x,x,114,10.5,0,108,4.66,1.32,3.4634248,4.785743844,1.195635642,,,1.2753650220389408
349,Pitcher,Dylan Cease,x,x,x,x,x,x,108,10.5,0,115,4.52,1.41,3.3467770889999997,4.624560595,1.016149283,,,1.0839098527878688
350,Pitcher,Ryan Yarbrough,x,x,x,x,x,x,121,10.5,0,98,4.53,1.32,3.332019877,4.604169149,0.993442293,,,1.0596886772185743
351,Pitcher,Sandy Alcantara,x,x,x,x,x,x,188,13.5,0,157,4.76,1.45,3.2717943010000003,4.520949737,0.9588292740000001,,,1.0227675348662713
352,Pitcher,Mychal Givens,x,x,x,x,x,x,65,0,14,76,4,1.26,3.2641164430000003,4.51034051,0.94625389,,,1.0093535780311602
353,Pitcher,Tanner Roark,x,x,x,x,x,x,181,13.5,0,153,5.15,1.38,3.21388797,4.440935045,0.863985846,,,0.9215995984210738
354,Pitcher,Matt Shoemaker,x,x,x,x,x,x,145,12,0,128,5.03,1.36,3.1771487510000003,4.390168968,0.8038115379999999,,,0.8574126463490996
355,Pitcher,Anibal Sanchez,x,x,x,x,x,x,163,13.5,0,140,5.06,1.4,3.165007298,4.373391966,0.7839253340000001,,,0.8362003571601406
356,Pitcher,Jose Urena,x,x,x,x,x,x,149,10.5,0,119,4.55,1.38,3.156424723,4.361532605,1.0,,,1.0666836762289666
357,Pitcher,Jordan Yamamoto,x,x,x,x,x,x,135,10.5,0,128,4.72,1.4,3.148294355,4.350298102,1.0,,,1.0666836762289666
358,Pitcher,Brad Keller,x,x,x,x,x,x,182,15,0,137,4.74,1.47,3.072150521,4.245082915,1.0,,,1.0666836762289666
359,Pitcher,Daniel Norris,x,x,x,x,x,x,147,12,0,127,4.93,1.39,3.0596492860000004,4.227808768,1.0,,,1.0666836762289666
360,Pitcher,Matt Barnes,x,x,x,x,x,x,68,0,4,93,3.38,1.23,3.047429839,4.210923995,1.0,,,1.0666836762289666
361,Pitcher,Merrill Kelly,x,x,x,x,x,x,109,9,0,101,4.57,1.34,3.040475928,4.201315114,1.0,,,1.0666836762289666
362,Pitcher,Elieser Hernandez,x,x,x,x,x,x,93,7.5,0,94,4.48,1.29,3.0316405860000004,4.1891064810000005,1.0,True,5.0,1.0666836762289666
363,Pitcher,Dellin Betances,x,x,x,x,x,x,55,0,4,78,3.07,1.15,3.005444135,4.152908349,1.0,,,1.0666836762289666
364,Pitcher,Jose Alvarado,x,x,x,x,x,x,60,0,9,76,3.32,1.3,2.992172053,4.13456905,1.0,True,1.0,1.0666836762289666
365,Pitcher,Logan Webb,x,x,x,x,x,x,99,9,0,87,4.2,1.38,2.976146134,4.112424511,1.0,,,1.0666836762289666
366,Pitcher,Brett Anderson,x,x,x,x,x,x,143,13.5,0,95,4.54,1.43,2.951746364,4.078709026,1.0,True,1.0,1.0666836762289666
367,Pitcher,Chad Kuhl,x,x,x,x,x,x,108,9,0,105,4.61,1.37,2.940513667,4.063187739,1.0,True,1.0,1.0666836762289666
368,Pitcher,Mike Fiers,x,x,x,x,x,x,188,15,0,144,5.21,1.4,2.937932234,4.0596207280000005,1.0,,,1.0666836762289666
369,Pitcher,Diego Castillo,x,x,x,x,x,x,60,0,5,73,3.26,1.17,2.90389491,4.012588116,1.0,,,1.0666836762289666
370,Pitcher,Dakota Hudson,x,x,x,x,x,x,166,13.5,0,126,4.54,1.5,2.8378732330000003,3.921359678,1.0,,,1.0666836762289666
371,Pitcher,Emilio Pagan,x,x,x,x,x,x,65,0,1,83,3.51,1.09,2.8359627410000003,3.918719769,1.0,,,1.0666836762289666
372,Pitcher,Zach Eflin,x,x,x,x,x,x,146,12,0,120,5.05,1.38,2.821200212,3.898320977,1.0,,,1.0666836762289666
373,Pitcher,Ryne Stanek,x,x,x,x,x,x,65,0,5,83,3.58,1.22,2.817133681,3.8927018639999997,1.0,,,1.0666836762289666
374,Pitcher,Yoshihisa Hirano,x,x,x,x,x,x,60,0,21,55,4.62,1.39,2.816881931,3.892353996,1.0,,,1.0666836762289666
375,Pitcher,Ryan Pressly,x,x,x,x,x,x,65,0,2,78,3.36,1.15,2.738786298,3.784441824,1.0,,,1.0666836762289666
376,Pitcher,Chad Green,x,x,x,x,x,x,60,0,0,81,3.44,1.07,2.71700596,3.7543458569999997,1.0,,,1.0666836762289666
377,Pitcher,Ty Buttrey,x,x,x,x,x,x,65,0,5,75,3.56,1.2,2.7160797989999996,3.753066092,1.0,,,1.0666836762289666
378,Pitcher,Trent Thornton,x,x,x,x,x,x,93,7.5,0,90,4.64,1.31,2.707418095,3.7410973910000003,1.0,,,1.0666836762289666
379,Pitcher,Julio Teheran,x,x,x,x,x,x,179,15,0,155,5.3,1.46,2.679096706,3.701963032,1.0,,,1.0666836762289666
380,Pitcher,Daniel Hudson,x,x,x,x,x,x,67,0,15,69,4.36,1.36,2.649379077,3.6608993539999997,1.0,,,1.0666836762289666
381,Pitcher,Wade Davis,x,x,x,x,x,x,65,0,24,65,5.11,1.5,2.6445165680000002,3.654180362,1.0,,,1.0666836762289666
382,Pitcher,Joshua James,x,x,x,x,x,x,60,0,1,84,3.38,1.17,2.632308101,3.637310761,1.0,,,1.0666836762289666
383,Pitcher,Trevor Williams,x,x,x,x,x,x,167,12,0,135,5.02,1.42,2.60446146,3.598832405,1.0,,,1.0666836762289666
384,Pitcher,Homer Bailey,x,x,x,x,x,x,124,12,0,99,5.02,1.4,2.579939675,3.564948319,1.0,,,1.0666836762289666
385,Pitcher,Seth Lugo,x,x,x,x,x,x,65,0,2,75,3.54,1.15,2.55611848,3.532032306,1.0,,,1.0666836762289666
386,Pitcher,Michael Kopech,x,x,x,x,x,x,91,7.5,0,103,4.78,1.39,2.534549134,3.502227887,1.0,,,1.0666836762289666
387,Pitcher,Gio Gonzalez,x,x,x,x,x,x,133,12,0,114,4.9,1.47,2.490583919,3.441476963,1.0,,,1.0666836762289666
388,Pitcher,Kendall Graveman,x,x,x,x,x,x,137,10.5,0,103,4.78,1.4,2.489040705,3.439344557,1.0,,,1.0666836762289666
389,Pitcher,Tyler Chatwood,x,x,x,x,x,x,116,10.5,0,109,4.51,1.53,2.467458853,3.409522857,1.0,,,1.0666836762289666
390,Pitcher,Alec Mills,x,x,x,x,x,x,95,7.5,0,85,4.64,1.34,2.4414406019999997,3.373570962,1.0,,,1.0666836762289666
391,Pitcher,Justus Sheffield,x,x,x,x,x,x,148,10.5,0,131,4.8,1.48,2.392291346,3.305656755,1.0,,,1.0666836762289666
392,Pitcher,Will Harris,x,x,x,x,x,x,67,0,4,70,3.56,1.24,2.3747230669999997,3.2813809910000002,1.0,,,1.0666836762289666
393,Pitcher,Tommy Kahnle,x,x,x,x,x,x,68,0,0,86,3.61,1.21,2.358801019,3.25937998,1.0,,,1.0666836762289666
394,Pitcher,Kyle Freeland,x,x,x,x,x,x,154,13.5,0,128,5.08,1.49,2.3516965659999998,3.2495630810000002,1.0,,,1.0666836762289666
395,Pitcher,Ross Stripling,x,x,x,x,x,x,80,0,0,80,3.7,1.18,2.3459316709999998,3.241597178,1.0,,,1.0666836762289666
396,Pitcher,John Means,x,x,x,x,x,x,183,12,0,142,5.33,1.38,2.340762004,3.234453756,1.0,,,1.0666836762289666
397,Pitcher,Andrew Miller,x,x,x,x,x,x,68,0,2,80,3.65,1.24,2.319840365,3.2055443360000004,1.0,,,1.0666836762289666
398,Pitcher,Hunter Harvey,x,x,x,x,x,x,60,0,14,62,4.61,1.35,2.318940071,3.2043003139999997,1.0,,,1.0666836762289666
399,Pitcher,Blake Treinen,x,x,x,x,x,x,62,0,4,67,3.45,1.25,2.318300793,3.203416962,1.0,,,1.0666836762289666
400,Pitcher,Zach Plesac,x,x,x,x,x,x,119,10.5,0,97,5.07,1.39,2.312245694,3.195050055,1.0,,,1.0666836762289666
401,Pitcher,Drew Pomeranz,x,x,x,x,x,x,58,0,1,73,3.4,1.19,2.296900532,3.173846184,1.0,,,1.0666836762289666
402,Pitcher,Alex Cobb,x,x,x,x,x,x,181,13.5,0,129,5.17,1.43,2.229399227,3.080573203,1.0,,,1.0666836762289666
403,Pitcher,Shaun Anderson,x,x,x,x,x,x,60,0,8,55,3.85,1.26,2.216245464,3.062397396,1.0,,,1.0666836762289666
404,Pitcher,Joe Ross,x,x,x,x,x,x,108,9,0,90,4.85,1.41,2.148623171,2.968957234,1.0,,,1.0666836762289666
405,Pitcher,Corey Knebel,x,x,x,x,x,x,45,0,4,62,3.53,1.22,2.137991951,2.9542670660000003,1.0,,,1.0666836762289666
