,Class,Name,PA,R,HR,RBI,SB,OBP,IP,QS,SV,SO,ERA,WHIP,Total_SGPs,Dollar_Value,True_Dollar_Value
0,Hitter,Mike Trout,675.0,124.0,44.0,112.0,14.0,0.439,x,x,x,x,x,x,19.70500865868932,27.173618321633374,54.3826580529043
1,Hitter,Christian Yelich,672.0,112.0,36.0,100.0,22.0,0.4,x,x,x,x,x,x,17.53571643060179,24.18211905080499,47.448528061174926
2,Hitter,Ronald Acuna Jr.,680.0,107.0,37.0,94.0,29.0,0.363,x,x,x,x,x,x,16.667379054165142,22.98466368042671,44.672892687144525
3,Hitter,Mookie Betts,688.0,118.0,32.0,95.0,18.0,0.39,x,x,x,x,x,x,16.318320729423146,22.503304963319774,43.55712978202864
4,Hitter,Cody Bellinger,640.0,99.0,42.0,115.0,12.0,0.385,x,x,x,x,x,x,15.940306925449253,21.982016035848755,42.348810855936364
5,Hitter,Trea Turner,687.0,103.0,22.0,75.0,39.0,0.354,x,x,x,x,x,x,15.498767392817648,21.373123802332646,40.937432307618764
6,Hitter,Francisco Lindor,692.0,112.0,35.0,95.0,22.0,0.354,x,x,x,x,x,x,15.383604647321423,21.214311972041678,40.56931526136012
7,Hitter,Bryce Harper,664.0,102.0,41.0,102.0,11.0,0.38299999999999995,x,x,x,x,x,x,15.336310377306381,21.149092186328858,40.41813940229337
8,Hitter,Juan Soto,646.0,97.0,34.0,106.0,9.0,0.406,x,x,x,x,x,x,15.225998987488943,20.996970476800648,40.065529686249235
9,Hitter,Jose Ramirez,648.0,95.0,31.0,101.0,23.0,0.36200000000000004,x,x,x,x,x,x,14.93159744890168,20.590984608870354,39.124476880224556
10,Hitter,Alex Bregman,658.0,106.0,32.0,103.0,6.0,0.396,x,x,x,x,x,x,14.541765699968947,20.053398488577958,37.878381961797714
11,Hitter,J.D. Martinez,649.0,102.0,39.0,120.0,3.0,0.37799999999999995,x,x,x,x,x,x,14.453656935866121,19.93189466343423,37.596742809732696
12,Hitter,Trevor Story,652.0,98.0,36.0,101.0,20.0,0.34600000000000003,x,x,x,x,x,x,14.446120179020468,19.921501318399265,37.57265161030509
13,Hitter,Aaron Judge,670.0,107.0,41.0,101.0,6.0,0.373,x,x,x,x,x,x,14.409208716214248,19.870599640589187,37.454664334100784
14,Pitcher,Gerrit Cole,x,x,x,x,x,x,202.0,22.5,0.0,280.0,3.26,1.04,14.112785290554383,19.500979301635923,36.59790481459085
15,Hitter,Giancarlo Stanton,612.0,101.0,48.0,115.0,3.0,0.355,x,x,x,x,x,x,14.072346452608578,19.40605954640631,36.377886067481754
16,Hitter,Nolan Arenado,657.0,100.0,40.0,114.0,3.0,0.371,x,x,x,x,x,x,13.967811110257568,19.2619031269208,36.043739453574105
17,Hitter,Freddie Freeman,662.0,98.0,33.0,103.0,6.0,0.385,x,x,x,x,x,x,13.849841551889021,19.099220643081093,35.666650446291946
18,Pitcher,Max Scherzer,x,x,x,x,x,x,202.0,22.5,0.0,268.0,3.28,1.04,13.80861013013268,19.080671517925396,35.62365459925406
19,Pitcher,Justin Verlander,x,x,x,x,x,x,204.0,24.0,0.0,266.0,3.46,1.04,13.759256371469652,19.01247472995401,35.465578213468724
20,Hitter,George Springer,687.0,112.0,35.0,91.0,8.0,0.365,x,x,x,x,x,x,13.699255004981445,18.891558651101466,35.18530142482638
21,Hitter,Anthony Rizzo,660.0,97.0,32.0,99.0,6.0,0.38799999999999996,x,x,x,x,x,x,13.683762699859484,18.870194438905557,35.13578036159827
22,Hitter,Josh Donaldson,644.0,100.0,36.0,103.0,4.0,0.379,x,x,x,x,x,x,13.633914214140496,18.801452336412655,34.976439966887604
23,Pitcher,Jacob deGrom,x,x,x,x,x,x,205.0,21.0,0.0,258.0,3.13,1.06,13.42313836818834,18.54802847856216,34.38901746925349
24,Hitter,Adalberto Mondesi,649.0,82.0,20.0,76.0,49.0,0.293,x,x,x,x,x,x,13.398905144264063,18.47736992277067,34.22523484170481
25,Hitter,Nelson Cruz,641.0,97.0,40.0,114.0,1.0,0.363,x,x,x,x,x,x,13.206795282542984,18.212446412781325,33.61115678591364
26,Hitter,Joey Gallo,616.0,90.0,43.0,101.0,8.0,0.349,x,x,x,x,x,x,13.112132189508984,18.08190403120684,33.30856675953635
27,Hitter,Yordan Alvarez,602.0,93.0,39.0,107.0,3.0,0.366,x,x,x,x,x,x,13.021315595179935,17.9566660516498,33.01827204390044
28,Hitter,Fernando Tatis Jr.,671.0,93.0,31.0,82.0,23.0,0.33299999999999996,x,x,x,x,x,x,12.973844126612649,17.891201905434063,32.866529770691876
29,Hitter,Rafael Devers,636.0,95.0,32.0,103.0,9.0,0.355,x,x,x,x,x,x,12.812234123695374,17.66833833748046,32.34994433619733
30,Hitter,Tommy Pham,652.0,92.0,25.0,76.0,18.0,0.366,x,x,x,x,x,x,12.785291421130466,17.63118378816088,32.263822144131794
31,Hitter,Kris Bryant,669.0,100.0,31.0,91.0,4.0,0.377,x,x,x,x,x,x,12.715603741697425,17.535083023353614,22.886475630062478
32,Hitter,Jose Altuve,673.0,100.0,24.0,93.0,12.0,0.361,x,x,x,x,x,x,12.65266821245084,17.448293614618056,22.742780592033952
33,Hitter,Peter Alonso,663.0,98.0,44.0,105.0,2.0,0.34299999999999997,x,x,x,x,x,x,12.631781881462107,17.419490928140835,22.69509270950348
34,Pitcher,Chris Sale,x,x,x,x,x,x,177.0,21.0,0.0,233.0,3.22,1.03,12.539905350898817,17.327581314230088,22.542920276731927
35,Hitter,Rhys Hoskins,656.0,93.0,36.0,96.0,4.0,0.365,x,x,x,x,x,x,12.532399455867544,17.282440488439867,22.468181748459042
36,Hitter,Manny Machado,664.0,93.0,37.0,102.0,7.0,0.34299999999999997,x,x,x,x,x,x,12.389125943882613,17.084863324292737,22.14105821427069
37,Hitter,Starling Marte,649.0,85.0,22.0,81.0,26.0,0.337,x,x,x,x,x,x,12.37678574791746,17.067845936430622,22.112882953814214
38,Hitter,Anthony Rendon,655.0,93.0,28.0,99.0,4.0,0.374,x,x,x,x,x,x,12.290491376074472,16.948844196092264,21.915854769701482
39,Hitter,Carlos Correa,637.0,93.0,33.0,105.0,3.0,0.359,x,x,x,x,x,x,12.193362097761048,16.814900893530922,21.69408821735786
40,Hitter,Paul Goldschmidt,663.0,91.0,31.0,91.0,5.0,0.369,x,x,x,x,x,x,12.128043218670275,16.724824795603052,21.544951490817407
41,Hitter,Charlie Blackmon,660.0,101.0,30.0,84.0,8.0,0.35600000000000004,x,x,x,x,x,x,12.106472587339947,16.695078444668642,21.49570120681371
42,Hitter,Carlos Santana,654.0,92.0,29.0,93.0,3.0,0.375,x,x,x,x,x,x,12.007922579061066,16.559175925824366,21.27069082941845
43,Hitter,Xander Bogaerts,649.0,92.0,25.0,96.0,6.0,0.368,x,x,x,x,x,x,11.899797872267838,16.41006969783791,21.023819403365867
44,Hitter,Shohei Ohtani,555.0,80.0,29.0,89.0,13.0,0.353,x,x,x,x,x,x,11.78725498605616,16.25487070819511,20.766860345300767
45,Hitter,Bo Bichette,663.0,92.0,22.0,74.0,24.0,0.32799999999999996,x,x,x,x,x,x,11.768331623004205,16.228774995483572,20.72365433105203
46,Hitter,Kyle Schwarber,585.0,86.0,37.0,90.0,5.0,0.354,x,x,x,x,x,x,11.72480379392768,16.168749210456923,20.624271150687463
47,Hitter,Matt Olson,642.0,91.0,38.0,103.0,1.0,0.344,x,x,x,x,x,x,11.607333335992523,16.00675499653457,20.35606141093795
48,Hitter,Marcus Semien,678.0,98.0,25.0,79.0,12.0,0.34700000000000003,x,x,x,x,x,x,11.557201886798936,15.93762268150277,20.241600778215368
49,Hitter,Austin Meadows,624.0,87.0,28.0,84.0,15.0,0.337,x,x,x,x,x,x,11.54648832420803,15.922848455022955,20.21713946355969
50,Hitter,Yoan Moncada,662.0,92.0,28.0,86.0,12.0,0.34,x,x,x,x,x,x,11.532918014511981,15.904134714644862,20.186155594969406
51,Hitter,Matt Chapman,656.0,95.0,34.0,97.0,3.0,0.34299999999999997,x,x,x,x,x,x,11.449308953535924,15.788836074053213,19.99525853983525
52,Hitter,Jonathan Villar,657.0,78.0,17.0,64.0,32.0,0.327,x,x,x,x,x,x,11.441109985769385,15.777529526333375,19.976538573559992
53,Hitter,Gleyber Torres,618.0,86.0,34.0,98.0,6.0,0.34,x,x,x,x,x,x,11.395778981844902,15.715017125546522,19.87303836611317
54,Hitter,Jorge Soler,637.0,87.0,35.0,96.0,3.0,0.349,x,x,x,x,x,x,11.382804898346366,15.697125593542209,19.843415807217962
55,Pitcher,Walker Buehler,x,x,x,x,x,x,194.0,21.0,0.0,225.0,3.45,1.13,11.338633589702395,15.667669732750136,19.79464648042625
56,Hitter,Ozzie Albies,652.0,89.0,24.0,82.0,14.0,0.344,x,x,x,x,x,x,11.339148001723757,15.636921821674965,19.74373793852455
57,Hitter,Eugenio Suarez,651.0,87.0,36.0,96.0,3.0,0.345,x,x,x,x,x,x,11.321406652035222,15.612456130068466,19.70323070916306
58,Hitter,Luis Robert,578.0,77.0,26.0,83.0,23.0,0.317,x,x,x,x,x,x,11.318038441064544,15.60781129682179,19.69554037574868
59,Hitter,Marcell Ozuna,634.0,82.0,31.0,100.0,7.0,0.34299999999999997,x,x,x,x,x,x,11.290774698054008,15.570214026025326,19.633291521475165
60,Hitter,Javier Baez,637.0,84.0,32.0,100.0,14.0,0.313,x,x,x,x,x,x,11.287663772499204,15.565923994738485,19.62618862472902
61,Hitter,Josh Bell,641.0,83.0,29.0,95.0,2.0,0.369,x,x,x,x,x,x,11.284962357715377,15.562198687354174,19.62002072712423
62,Hitter,Andrew Benintendi,665.0,94.0,19.0,80.0,13.0,0.353,x,x,x,x,x,x,11.264835811671352,15.53444376017773,19.574067593277544
63,Hitter,Joey Votto,670.0,91.0,23.0,76.0,4.0,0.382,x,x,x,x,x,x,11.257074544132006,15.523740810209054,19.55634698859585
64,Hitter,Max Kepler,640.0,93.0,31.0,89.0,6.0,0.34299999999999997,x,x,x,x,x,x,11.217224562165425,15.4687868531294,19.46536110601611
65,Hitter,Michael Conforto,603.0,82.0,31.0,85.0,5.0,0.358,x,x,x,x,x,x,10.99466719235269,15.16187559382929,18.957215864343873
66,Hitter,Ketel Marte,647.0,87.0,23.0,83.0,8.0,0.36,x,x,x,x,x,x,10.981002353986366,15.143031496441413,18.926016166935916
67,Hitter,Keston Hiura,613.0,79.0,29.0,92.0,12.0,0.33,x,x,x,x,x,x,10.895396531224947,15.024979279661371,18.730560085062553
68,Pitcher,Mike Clevinger,x,x,x,x,x,x,197.0,21.0,0.0,238.0,3.65,1.18,10.851767568739902,14.994920590607801,18.68079267070203
69,Pitcher,Stephen Strasburg,x,x,x,x,x,x,200.0,21.0,0.0,228.0,3.59,1.17,10.846592420093922,14.987769594929032,18.668952947272942
70,Hitter,Whit Merrifield,688.0,90.0,14.0,65.0,23.0,0.337,x,x,x,x,x,x,10.854066517172273,14.967984327436376,18.636194978228282
71,Hitter,Shin-Soo Choo,665.0,92.0,23.0,69.0,10.0,0.35600000000000004,x,x,x,x,x,x,10.819567138247853,14.920408963656357,18.557425646725818
72,Pitcher,Shane Bieber,x,x,x,x,x,x,198.0,21.0,0.0,215.0,3.66,1.13,10.777260027978741,14.891966426685839,18.51033405466238
73,Hitter,Justin Turner,620.0,87.0,26.0,85.0,3.0,0.364,x,x,x,x,x,x,10.730292525814136,14.797297409324925,18.353592947101056
74,Hitter,Lorenzo Cain,656.0,85.0,16.0,65.0,19.0,0.349,x,x,x,x,x,x,10.730068872725818,14.79698898704693,18.353082300103804
75,Hitter,Andrew McCutchen,590.0,83.0,27.0,74.0,8.0,0.359,x,x,x,x,x,x,10.717804144390543,14.780075670621956,18.32507934810439
76,Hitter,Miguel Sano,581.0,84.0,37.0,97.0,1.0,0.337,x,x,x,x,x,x,10.713904573445578,14.77469808087754,18.31617580821299
77,Hitter,Edwin Encarnacion,578.0,81.0,35.0,92.0,2.0,0.34600000000000003,x,x,x,x,x,x,10.683129736732448,14.732258938564124,18.245910389223862
78,Hitter,Victor Robles,609.0,71.0,17.0,71.0,27.0,0.326,x,x,x,x,x,x,10.677123377045659,14.72397604316132,18.232196607931474
79,Hitter,Jose Abreu,658.0,87.0,32.0,101.0,3.0,0.33299999999999996,x,x,x,x,x,x,10.669214898619396,14.713070086306267,18.214139889861258
80,Hitter,Vladimir Guerrero Jr.,622.0,86.0,25.0,87.0,3.0,0.363,x,x,x,x,x,x,10.636944330341608,14.668568298938814,18.140459401409093
81,Hitter,Adam Eaton,656.0,90.0,15.0,65.0,12.0,0.366,x,x,x,x,x,x,10.546664439934592,14.544070445295022,17.934331440930425
82,Pitcher,Blake Snell,x,x,x,x,x,x,179.0,19.5,0.0,224.0,3.41,1.18,10.524770957737273,14.543078235496276,17.93268866415794
83,Hitter,Khris Davis,628.0,85.0,38.0,103.0,1.0,0.321,x,x,x,x,x,x,10.450986820810863,14.412129011062547,17.715879331556707
84,Pitcher,Clayton Kershaw,x,x,x,x,x,x,194.0,21.0,0.0,198.0,3.53,1.16,10.32997323228408,14.27390766895964,17.487029736897686
85,Pitcher,Charlie Morton,x,x,x,x,x,x,192.0,19.5,0.0,221.0,3.5,1.19,10.318555898357037,14.25813125147668,17.460909119840885
86,Hitter,Mike Moustakas,626.0,82.0,36.0,97.0,3.0,0.32299999999999995,x,x,x,x,x,x,10.281451513673838,14.178336283133401,17.328794600596765
87,Hitter,Max Muncy,589.0,81.0,29.0,79.0,4.0,0.355,x,x,x,x,x,x,10.279936491717784,14.176247036226902,17.32533548711677
88,Hitter,Byron Buxton,542.0,73.0,20.0,73.0,23.0,0.317,x,x,x,x,x,x,10.276599852258736,14.17164574075388,17.317717238097554
89,Hitter,Eddie Rosario,634.0,86.0,30.0,102.0,5.0,0.32,x,x,x,x,x,x,10.267217951446272,14.158707903667628,17.29629638710663
90,Pitcher,Jack Flaherty,x,x,x,x,x,x,192.0,18.0,0.0,229.0,3.6,1.17,10.199437507271721,14.093534027670431,17.188389642190057
91,Hitter,Mallex Smith,588.0,66.0,7.0,48.0,39.0,0.318,x,x,x,x,x,x,10.13701117768745,13.979150044328486,16.999006962026243
92,Hitter,Jeff McNeil,660.0,88.0,20.0,73.0,9.0,0.348,x,x,x,x,x,x,10.055587964624127,13.866865733642427,16.81310065699298
93,Hitter,Franmil Reyes,572.0,80.0,36.0,93.0,1.0,0.32899999999999996,x,x,x,x,x,x,10.01733971887085,13.814120604240353,16.725771874764018
94,Hitter,Jorge Polanco,664.0,91.0,19.0,82.0,7.0,0.344,x,x,x,x,x,x,9.987769034288682,13.773342012854608,16.65825578812056
95,Hitter,Michael Brantley,621.0,85.0,21.0,87.0,5.0,0.349,x,x,x,x,x,x,9.983032921042554,13.7668108138124,16.647442246371448
96,Hitter,Trey Mancini,657.0,86.0,30.0,90.0,1.0,0.33799999999999997,x,x,x,x,x,x,9.953368933373012,13.72590355552128,16.579713129173527
97,Hitter,Ramon Laureano,597.0,76.0,23.0,79.0,14.0,0.327,x,x,x,x,x,x,9.923696977186683,13.68498530847915,16.51196581817739
98,Hitter,Justin Upton,624.0,81.0,30.0,91.0,5.0,0.325,x,x,x,x,x,x,9.841070273893411,13.571041359640736,16.323311692057565
99,Hitter,DJ LeMahieu,683.0,93.0,19.0,74.0,7.0,0.345,x,x,x,x,x,x,9.824716030776354,13.548488516954919,16.285971518474135
100,Hitter,Eloy Jimenez,590.0,80.0,33.0,95.0,1.0,0.32899999999999996,x,x,x,x,x,x,9.815636666421076,13.535967883959175,16.265241421787493
101,Pitcher,Patrick Corbin,x,x,x,x,x,x,192.0,19.5,0.0,217.0,3.57,1.23,9.756343620213151,13.481269011069223,16.174677875675673
102,Hitter,Nicholas Castellanos,661.0,88.0,27.0,90.0,3.0,0.331,x,x,x,x,x,x,9.773113344760755,13.477327335630562,16.16815174293311
103,Hitter,Paul DeJong,642.0,79.0,29.0,89.0,7.0,0.322,x,x,x,x,x,x,9.74380648261103,13.436912560886975,11.500884298814597
104,Hitter,Joc Pederson,502.0,77.0,32.0,75.0,3.0,0.34600000000000003,x,x,x,x,x,x,9.709668449684814,13.389835500782297,11.445209796915846
105,Hitter,Elvis Andrus,666.0,77.0,14.0,74.0,22.0,0.318,x,x,x,x,x,x,9.707368957629312,13.386664453231282,11.441459637230711
106,Hitter,Corey Seager,635.0,85.0,24.0,84.0,2.0,0.348,x,x,x,x,x,x,9.682166646539246,13.351909940089644,11.400358085783129
107,Hitter,Yuli Gurriel,620.0,81.0,24.0,93.0,5.0,0.332,x,x,x,x,x,x,9.65044590078998,13.308166369467664,11.348625851437214
108,Hitter,Oscar Mercado,617.0,77.0,16.0,67.0,23.0,0.313,x,x,x,x,x,x,9.629502303687511,13.279284711824056,11.314469684936126
109,Hitter,Bryan Reynolds,658.0,83.0,19.0,74.0,7.0,0.35100000000000003,x,x,x,x,x,x,9.621767426142712,13.268618154208806,11.30185514866552
110,Hitter,Cavan Biggio,592.0,76.0,20.0,66.0,12.0,0.345,x,x,x,x,x,x,9.548031158209904,13.166934301338014,11.181601295788147
111,Hitter,Jean Segura,673.0,85.0,16.0,71.0,13.0,0.33399999999999996,x,x,x,x,x,x,9.492947425153801,13.090972683471016,11.091767197635834
112,Hitter,Tim Anderson,638.0,78.0,21.0,79.0,17.0,0.308,x,x,x,x,x,x,9.48887888785982,13.085362085603794,11.085131965084779
113,Hitter,Yasiel Puig,514.0,64.0,23.0,75.0,13.0,0.335,x,x,x,x,x,x,9.416717977843373,12.985850684188401,10.967447307318812
114,Pitcher,Yu Darvish,x,x,x,x,x,x,185.0,18.0,0.0,221.0,3.87,1.19,9.34573454283707,12.913891349316371,10.882346408557163
115,Pitcher,Aaron Nola,x,x,x,x,x,x,198.0,19.5,0.0,221.0,3.82,1.24,9.335028816974564,12.899098228457836,10.86485169598385
116,Hitter,David Dahl,578.0,75.0,23.0,79.0,9.0,0.331,x,x,x,x,x,x,9.323187834880935,12.856870664415187,10.81491232871573
117,Hitter,Mark Canha,594.0,77.0,25.0,80.0,4.0,0.342,x,x,x,x,x,x,9.313288516151431,12.843219297219207,10.798767882414657
118,Hitter,Yasmani Grandal,544.0,74.0,25.0,73.0,3.0,0.358,x,x,x,x,x,x,9.30757499816484,12.835340236634632,10.78944990944648
119,Pitcher,Trevor Bauer,x,x,x,x,x,x,200.0,18.0,0.0,238.0,3.93,1.24,9.221517334051311,12.742248603567285,10.679357429362948
120,Hitter,Ryan Braun,532.0,69.0,25.0,80.0,9.0,0.32899999999999996,x,x,x,x,x,x,9.228646413063727,12.726496069988785,10.660728091450244
121,Hitter,Rougned Odor,573.0,71.0,28.0,79.0,13.0,0.302,x,x,x,x,x,x,9.135593838709397,12.598174627296348,10.508971962479068
122,Hitter,Nick Senzel,597.0,74.0,18.0,63.0,17.0,0.32299999999999995,x,x,x,x,x,x,9.07144231718977,12.509708339830008,10.404349531117246
123,Hitter,Amed Rosario,625.0,69.0,15.0,68.0,20.0,0.318,x,x,x,x,x,x,8.984720835416539,12.390117605981072,10.262918555522333
124,Pitcher,Carlos Carrasco,x,x,x,x,x,x,173.0,18.0,0.0,189.0,3.81,1.17,8.839075780750543,12.213792692033268,10.054392327789436
125,Hitter,Lourdes Gurriel Jr.,591.0,74.0,27.0,84.0,8.0,0.307,x,x,x,x,x,x,8.798505843455201,12.133323244457559,9.959227158131805
126,Hitter,David Peralta,605.0,77.0,22.0,77.0,3.0,0.342,x,x,x,x,x,x,8.793896633671544,12.126967047939461,9.951710162076228
127,Hitter,Brandon Lowe,611.0,75.0,25.0,78.0,7.0,0.321,x,x,x,x,x,x,8.790661371324898,12.122505553620892,9.946433887955502
128,Hitter,Jackie Bradley Jr.,576.0,73.0,20.0,72.0,11.0,0.325,x,x,x,x,x,x,8.77764390082989,12.104554190042652,9.925204159008945
129,Pitcher,Luis Castillo,x,x,x,x,x,x,190.0,18.0,0.0,215.0,3.85,1.25,8.745442798197095,12.084411083999642,9.901382420923664
130,Pitcher,Noah Syndergaard,x,x,x,x,x,x,195.0,18.0,0.0,200.0,3.89,1.21,8.704117972656068,12.027308637464255,9.833851647740564
131,Hitter,Brian Anderson,651.0,75.0,21.0,75.0,5.0,0.33899999999999997,x,x,x,x,x,x,8.720038537801983,12.025115191800488,9.83125762435632
132,Hitter,Kolten Wong,577.0,62.0,12.0,61.0,16.0,0.34700000000000003,x,x,x,x,x,x,8.672561309326806,11.959643102551517,9.753828703580448
133,Hitter,Eduardo Escobar,651.0,79.0,25.0,86.0,4.0,0.317,x,x,x,x,x,x,8.639675198339354,11.914292468936758,9.700195916578043
134,Hitter,Aristides Aquino,552.0,68.0,32.0,87.0,7.0,0.295,x,x,x,x,x,x,8.609720267526551,11.872983993977062,9.651343486913477
135,Hitter,Eric Hosmer,642.0,76.0,24.0,82.0,3.0,0.327,x,x,x,x,x,x,8.53348705198897,11.767856798230536,9.527017451129073
136,Pitcher,David Price,x,x,x,x,x,x,164.0,18.0,0.0,175.0,3.69,1.19,8.508027314348947,11.756351502486039,9.513411002290736
137,Pitcher,Tyler Glasnow,x,x,x,x,x,x,163.0,16.5,0.0,202.0,3.69,1.23,8.503322695491828,11.749850682621929,9.505722971069957
138,Hitter,Willie Calhoun,549.0,71.0,25.0,79.0,2.0,0.335,x,x,x,x,x,x,8.47892722350754,11.69261765570956,9.438037770286002
139,Hitter,Danny Santana,579.0,69.0,20.0,70.0,18.0,0.295,x,x,x,x,x,x,8.445865422096192,11.64702474133236,9.384118456029373
140,Hitter,Brandon Belt,566.0,69.0,18.0,64.0,5.0,0.358,x,x,x,x,x,x,8.439816642780686,11.638683348375961,9.374253717301933
141,Hitter,J.T. Realmuto,537.0,69.0,23.0,75.0,6.0,0.32899999999999996,x,x,x,x,x,x,8.433798674819206,11.630384444920015,9.364439227714259
142,Hitter,Matt Carpenter,540.0,72.0,21.0,59.0,5.0,0.35200000000000004,x,x,x,x,x,x,8.418043601580194,11.608657870004885,9.338744839966223
143,Hitter,Gregory Polanco,556.0,67.0,22.0,71.0,9.0,0.325,x,x,x,x,x,x,8.387672994545605,11.566776168857277,9.289214498758005
144,Hitter,Miguel Cabrera,603.0,71.0,20.0,77.0,1.0,0.35,x,x,x,x,x,x,8.367691573924665,11.53922137266905,9.256627511607782
145,Hitter,Gary Sanchez,459.0,66.0,31.0,78.0,1.0,0.324,x,x,x,x,x,x,8.311521623180894,11.4617618379338,9.165021939719812
146,Hitter,Christian Walker,566.0,68.0,24.0,78.0,5.0,0.325,x,x,x,x,x,x,8.295032780090148,11.439023379074222,9.138130872857575
147,Hitter,C.J. Cron,530.0,68.0,28.0,79.0,2.0,0.324,x,x,x,x,x,x,8.255088788011927,11.383939780087966,9.07298763898674
148,Hitter,Mitch Haniger,555.0,70.0,22.0,65.0,6.0,0.335,x,x,x,x,x,x,8.21283223351677,11.325667109249409,9.004072929443875
149,Hitter,Renato Nunez,608.0,72.0,29.0,85.0,2.0,0.311,x,x,x,x,x,x,8.194657835597823,11.300604235092429,8.974432951251988
150,Pitcher,Luis Severino,x,x,x,x,x,x,171.0,18.0,0.0,186.0,3.98,1.21,8.176700273360808,11.298525379905797,8.97197444541542
151,Pitcher,Chris Paddack,x,x,x,x,x,x,166.0,16.5,0.0,178.0,3.87,1.17,8.1656347512795,11.283235094350768,8.953891773509566
152,Hitter,Andrelton Simmons,633.0,71.0,13.0,73.0,11.0,0.32799999999999996,x,x,x,x,x,x,8.18014685377916,11.280593288218846,8.950767507886749
153,Hitter,Kole Calhoun,576.0,71.0,23.0,71.0,4.0,0.332,x,x,x,x,x,x,8.175284526596366,11.27388803752301,8.94283771168096
154,Hitter,Hunter Dozier,628.0,73.0,22.0,81.0,4.0,0.322,x,x,x,x,x,x,8.14400879948185,11.230758156889001,8.891831242374915
155,Hitter,Daniel Murphy,549.0,70.0,20.0,77.0,2.0,0.341,x,x,x,x,x,x,8.119240656751723,11.196602370979845,8.85143776064041
156,Hitter,Cesar Hernandez,578.0,71.0,11.0,56.0,9.0,0.35600000000000004,x,x,x,x,x,x,8.114405534693072,11.189934636718162,8.843552332302533
157,Hitter,Niko Goodrum,636.0,72.0,18.0,70.0,13.0,0.309,x,x,x,x,x,x,8.09708428462338,11.166048271256464,8.815303722548775
158,Hitter,Yandy Diaz,586.0,69.0,13.0,63.0,5.0,0.361,x,x,x,x,x,x,8.088669803744503,11.154444526455448,8.80158084540818
159,Hitter,Dansby Swanson,605.0,69.0,18.0,67.0,10.0,0.325,x,x,x,x,x,x,8.075767537788437,11.136652032341534,8.78053899944064
160,Hitter,Didi Gregorius,600.0,70.0,24.0,83.0,6.0,0.308,x,x,x,x,x,x,8.056320107189327,11.109833619541515,8.748822877596222
161,Hitter,Randal Grichuk,548.0,71.0,30.0,84.0,3.0,0.298,x,x,x,x,x,x,7.992161132956201,11.021357054627666,8.644188291869382
162,Pitcher,Andrew Heaney,x,x,x,x,x,x,168.0,16.5,0.0,182.0,4.01,1.18,7.969410644794433,11.012093561317712,8.633233054334845
163,Pitcher,Max Fried,x,x,x,x,x,x,172.0,18.0,0.0,178.0,3.6,1.29,7.967097681033536,11.00889751904129,8.6294533352659
164,Pitcher,Lucas Giolito,x,x,x,x,x,x,191.0,18.0,0.0,219.0,4.26,1.27,7.948412671893996,10.983078662665367,8.598919313703648
165,Hitter,Ryan McMahon,532.0,64.0,20.0,72.0,5.0,0.337,x,x,x,x,x,x,7.962148939582595,10.979969613401154,8.595242474734118
166,Pitcher,Lance Lynn,x,x,x,x,x,x,192.0,18.0,0.0,207.0,4.07,1.28,7.922923531738154,10.947857890552562,8.557266352802749
167,Pitcher,Zack Greinke,x,x,x,x,x,x,199.0,21.0,0.0,180.0,4.27,1.24,7.909266741415616,10.92898700291957,8.534949171844177
168,Hitter,Trent Grisham,522.0,66.0,18.0,56.0,10.0,0.335,x,x,x,x,x,x,7.918946739641595,10.92039287775055,8.524785545717641
169,Hitter,Kevin Kiermaier,555.0,63.0,17.0,62.0,18.0,0.302,x,x,x,x,x,x,7.918321624581279,10.919530831031851,8.523766067832437
170,Hitter,Justin Smoak,472.0,63.0,24.0,68.0,1.0,0.349,x,x,x,x,x,x,7.914186343914056,10.913828192659532,8.517021985891434
171,Hitter,Kyle Tucker,409.0,56.0,20.0,59.0,14.0,0.315,x,x,x,x,x,x,7.840619565789113,10.812378069772222,8.397044547904466
172,Hitter,Kevin Newman,577.0,63.0,9.0,54.0,18.0,0.32899999999999996,x,x,x,x,x,x,7.826713353120617,10.793201112182482,8.3743654010043
173,Pitcher,Brandon Woodruff,x,x,x,x,x,x,183.0,18.0,0.0,201.0,4.07,1.28,7.800304395297275,10.778423353536082,8.356888856165078
174,Hitter,Nomar Mazara,523.0,66.0,25.0,77.0,3.0,0.318,x,x,x,x,x,x,7.77714689001078,10.72484792475538,8.293529221881517
175,Hitter,Hunter Renfroe,560.0,69.0,30.0,82.0,4.0,0.293,x,x,x,x,x,x,7.771559913661651,10.717143367730673,8.28441762116246
176,Hitter,Kyle Seager,593.0,69.0,26.0,78.0,3.0,0.312,x,x,x,x,x,x,7.736245220018308,10.668443667931939,8.226824145212941
177,Hitter,Jesse Winker,482.0,62.0,17.0,57.0,3.0,0.368,x,x,x,x,x,x,7.701206077606095,10.620123959033615,8.16968005595112
178,Pitcher,Zack Wheeler,x,x,x,x,x,x,189.0,16.5,0.0,194.0,4.13,1.23,7.667497368703432,10.594911238570958,8.139862865792058
179,Hitter,Willy Adames,595.0,67.0,18.0,69.0,7.0,0.326,x,x,x,x,x,x,7.680462359815675,10.591517939134205,8.135849865500296
180,Hitter,Brett Gardner,509.0,67.0,17.0,57.0,10.0,0.327,x,x,x,x,x,x,7.657258027224571,10.559518680054413,8.09800674601843
181,Pitcher,German Marquez,x,x,x,x,x,x,187.0,18.0,0.0,194.0,4.18,1.26,7.622613915813999,10.532891497764117,8.06651677813
182,Hitter,Scott Kingery,605.0,65.0,19.0,69.0,15.0,0.294,x,x,x,x,x,x,7.618227850997785,10.505695252205014,8.034353821869502
183,Pitcher,Eduardo Rodriguez,x,x,x,x,x,x,193.0,19.5,0.0,201.0,4.2,1.31,7.593432934598832,10.492569357310433,8.018830812178454
184,Hitter,Brandon Nimmo,509.0,63.0,15.0,50.0,7.0,0.358,x,x,x,x,x,x,7.6038719920354545,10.485898222988812,8.010941362845163
185,Hitter,Anthony Santander,582.0,68.0,24.0,78.0,5.0,0.306,x,x,x,x,x,x,7.598176349158353,10.478043812553402,8.001652541756362
186,Hitter,Avisail Garcia,502.0,61.0,21.0,70.0,6.0,0.324,x,x,x,x,x,x,7.580256705526667,10.453332249877056,7.972428033257192
187,Hitter,Dexter Fowler,555.0,64.0,17.0,58.0,8.0,0.336,x,x,x,x,x,x,7.563129437341121,10.429713389483354,7.9444957816486435
188,Hitter,Todd Frazier,488.0,61.0,22.0,66.0,4.0,0.331,x,x,x,x,x,x,7.460692736546236,10.288451040517062,7.77743541512919
189,Hitter,Michael Chavis,534.0,67.0,24.0,74.0,3.0,0.313,x,x,x,x,x,x,7.440289310332769,10.260314289806534,7.744160194090017
190,Hitter,Miguel Andujar,531.0,67.0,23.0,77.0,3.0,0.312,x,x,x,x,x,x,7.434163776747299,10.251867051109457,7.734170279557675
191,Hitter,Luis Arraez,544.0,65.0,6.0,57.0,6.0,0.369,x,x,x,x,x,x,7.421334057848285,10.234174600901783,7.7132467480013105
192,Pitcher,Robbie Ray,x,x,x,x,x,x,174.0,16.5,0.0,214.0,4.13,1.32,7.385971855969956,10.205900629844953,7.679809246768486
193,Hitter,Jonathan Schoop,557.0,67.0,26.0,79.0,2.0,0.306,x,x,x,x,x,x,7.388691470029519,10.189159790820671,7.660011114260392
194,Pitcher,Dinelson Lamet,x,x,x,x,x,x,144.0,13.5,0.0,182.0,3.75,1.22,7.371795998805002,10.186312498128549,7.656643835121861
195,Hitter,Mike Yastrzemski,619.0,71.0,19.0,64.0,7.0,0.316,x,x,x,x,x,x,7.35938552552331,10.14874628152665,7.612217093246302
196,Hitter,Ian Happ,457.0,57.0,20.0,59.0,7.0,0.332,x,x,x,x,x,x,7.313798559220604,10.085880903276506,7.537870933716127
197,Hitter,J.P. Crawford,638.0,71.0,14.0,61.0,8.0,0.325,x,x,x,x,x,x,7.273613240380849,10.030464509647917,7.472334128626015
198,Pitcher,Sonny Gray,x,x,x,x,x,x,175.0,16.5,0.0,191.0,3.94,1.31,7.2564013813139505,10.026860766887424,7.468072252826736
199,Pitcher,Matthew Boyd,x,x,x,x,x,x,183.0,15.0,0.0,201.0,4.34,1.22,7.255950302182136,10.026237467897761,7.467335123942603
200,Hitter,Robinson Cano,565.0,67.0,20.0,74.0,1.0,0.327,x,x,x,x,x,x,7.246454051339013,9.993011420957064,7.428041174631097
201,Hitter,Jurickson Profar,529.0,59.0,18.0,63.0,7.0,0.327,x,x,x,x,x,x,7.18437458821756,9.907402545280148,7.326797989503895
202,Hitter,Ji-Man Choi,471.0,59.0,18.0,60.0,3.0,0.34700000000000003,x,x,x,x,x,x,7.130202965909627,9.832698747177004,7.2384514202812245
203,Hitter,Alex Verdugo,496.0,60.0,15.0,62.0,5.0,0.342,x,x,x,x,x,x,7.123982856691145,9.82412108670755,7.228307265717785
204,Pitcher,Corey Kluber,x,x,x,x,x,x,187.0,16.5,0.0,188.0,4.23,1.26,7.105369181260326,9.81816519429216,7.22126367924803
205,Hitter,Corey Dickerson,563.0,65.0,20.0,69.0,4.0,0.317,x,x,x,x,x,x,7.050917893546619,9.723362977154624,7.1091482199077
206,Pitcher,Edwin Diaz,x,x,x,x,x,x,65.0,0.0,31.0,98.0,2.9,1.05,7.0324658481614915,9.717427716855145,7.102129033491269
207,Hitter,Salvador Perez,550.0,66.0,27.0,82.0,2.0,0.29100000000000004,x,x,x,x,x,x,7.0456769758656455,9.716135642257965,7.100600993943878
208,Hitter,J.D. Davis,486.0,59.0,21.0,65.0,3.0,0.32899999999999996,x,x,x,x,x,x,7.044500909847101,9.714513822665673,7.098682989765839
209,Hitter,Tommy Edman,495.0,57.0,11.0,51.0,15.0,0.322,x,x,x,x,x,x,7.027441208683476,9.690988138605796,7.070860930806607
210,Pitcher,Jose Berrios,x,x,x,x,x,x,198.0,19.5,0.0,190.0,4.49,1.29,6.990055734538419,9.658825624432108,7.03282474179119
211,Pitcher,Frankie Montas,x,x,x,x,x,x,186.0,18.0,0.0,176.0,4.17,1.29,6.983783283915563,9.650158382123198,7.022574645516876
212,Pitcher,Aroldis Chapman,x,x,x,x,x,x,65.0,0.0,34.0,94.0,3.01,1.12,6.980841433689794,9.64609334753363,7.017767234530049
213,Hitter,Jason Heyward,507.0,59.0,14.0,58.0,6.0,0.342,x,x,x,x,x,x,6.9871346495790485,9.635404552121093,7.0051263992874055
214,Hitter,Adam Frazier,568.0,66.0,10.0,54.0,7.0,0.341,x,x,x,x,x,x,6.908460388193692,9.526911103188791,6.876819348780166
215,Pitcher,Josh Hader,x,x,x,x,x,x,65.0,0.0,28.0,106.0,2.95,1.04,6.876904643579911,9.502473987436947,6.847919408038332
216,Hitter,Evan Longoria,572.0,64.0,21.0,74.0,3.0,0.31,x,x,x,x,x,x,6.882278579447085,9.490805842329818,6.834120369494339
217,Hitter,Nick Madrigal,440.0,50.0,5.0,44.0,18.0,0.337,x,x,x,x,x,x,6.819031559572016,9.403586881514594,6.7309730576461515
218,Hitter,Shed Long,550.0,62.0,16.0,58.0,10.0,0.311,x,x,x,x,x,x,6.815858275936423,9.399210857132493,6.72579786239758
219,Hitter,Teoscar Hernandez,475.0,58.0,22.0,62.0,7.0,0.302,x,x,x,x,x,x,6.746599976648904,9.30370221651007,6.612846969078072
220,Pitcher,Chris Archer,x,x,x,x,x,x,180.0,15.0,0.0,196.0,4.19,1.3,6.732715820649056,9.303234560661016,6.612293907642225
221,Pitcher,Mike Soroka,x,x,x,x,x,x,189.0,18.0,0.0,165.0,4.12,1.3,6.730858911036829,9.30066869182878,6.6092594473583075
222,Hitter,Albert Pujols,513.0,62.0,22.0,73.0,2.0,0.308,x,x,x,x,x,x,6.73388496525615,9.286167950348277,6.592110509907786
223,Hitter,Isan Diaz,572.0,61.0,19.0,61.0,7.0,0.312,x,x,x,x,x,x,6.7277759804431705,9.277743532753954,6.582147584179026
224,Hitter,JaCoby Jones,552.0,62.0,16.0,58.0,12.0,0.299,x,x,x,x,x,x,6.685175150884564,9.218996099415472,6.5126714086982895
225,Hitter,A.J. Pollock,449.0,57.0,18.0,59.0,7.0,0.316,x,x,x,x,x,x,6.684461103547961,9.218011413231137,6.511506894331469
226,Hitter,Nick Ahmed,600.0,61.0,18.0,70.0,7.0,0.304,x,x,x,x,x,x,6.637416996928684,9.153136608063733,6.4347843365625135
227,Pitcher,Kirby Yates,x,x,x,x,x,x,65.0,0.0,32.0,89.0,3.21,1.09,6.614742164880668,9.140219126647615,6.419507801833537
228,Pitcher,Liam Hendriks,x,x,x,x,x,x,70.0,0.0,30.0,92.0,3.18,1.08,6.592386101363617,9.109327624868456,6.38297474368091
229,Pitcher,Madison Bumgarner,x,x,x,x,x,x,199.0,16.5,0.0,192.0,4.51,1.27,6.578463877501691,9.09008996243864,6.360223805727379
230,Hitter,Eric Thames,439.0,55.0,19.0,57.0,4.0,0.33,x,x,x,x,x,x,6.585998896598152,9.08222997425268,6.350928388252074
231,Pitcher,James Paxton,x,x,x,x,x,x,126.0,13.5,0.0,147.0,3.86,1.19,6.567312486818493,9.07468102405969,6.342000812041526
232,Pitcher,Hyun-Jin Ryu,x,x,x,x,x,x,186.0,16.5,0.0,165.0,4.26,1.26,6.5431579767706065,9.0413044374549,6.302528830779958
233,Hitter,Mauricio Dubon,556.0,55.0,14.0,58.0,13.0,0.305,x,x,x,x,x,x,6.543440418146244,9.023540943974501,6.28152128168272
234,Hitter,Domingo Santana,416.0,52.0,17.0,54.0,5.0,0.33799999999999997,x,x,x,x,x,x,6.5279777304353654,9.002217574806798,6.256303735077714
235,Hitter,Jake Lamb,463.0,54.0,18.0,58.0,3.0,0.336,x,x,x,x,x,x,6.512925794088023,8.981460640344663,6.231756068240549
236,Hitter,Travis Shaw,434.0,54.0,20.0,58.0,3.0,0.32899999999999996,x,x,x,x,x,x,6.501643483707655,8.965902098789435,6.213356150118375
237,Hitter,Victor Reyes,522.0,58.0,10.0,51.0,15.0,0.308,x,x,x,x,x,x,6.500914811212602,8.964897244206268,6.212167784101575
238,Pitcher,Jon Gray,x,x,x,x,x,x,186.0,16.5,0.0,190.0,4.32,1.32,6.487261851073476,8.96406743796686,6.211186434608892
239,Pitcher,Dylan Bundy,x,x,x,x,x,x,178.0,16.5,0.0,177.0,4.47,1.26,6.483253185966007,8.958528283669638,6.204635693000283
240,Pitcher,Miles Mikolas,x,x,x,x,x,x,192.0,16.5,0.0,153.0,4.2,1.25,6.456311858086234,8.921300885496601,6.160609646223752
241,Pitcher,Garrett Richards,x,x,x,x,x,x,165.0,15.0,0.0,171.0,3.9,1.33,6.434593932527045,8.891291159699406,6.125119398273664
242,Hitter,Gavin Lux,451.0,52.0,14.0,55.0,8.0,0.32799999999999996,x,x,x,x,x,x,6.441570761750348,8.883060561072597,6.1153856876753965
243,Pitcher,Lance McCullers Jr.,x,x,x,x,x,x,138.0,15.0,0.0,149.0,3.77,1.29,6.427427655454251,8.881388832271533,6.113408659626028
244,Pitcher,Jesus Luzardo,x,x,x,x,x,x,149.0,15.0,0.0,151.0,3.98,1.26,6.397916677622527,8.840610704069395,6.065183431224559
245,Hitter,Giovanny Urshela,550.0,64.0,18.0,70.0,2.0,0.311,x,x,x,x,x,x,6.391282465338351,8.81371195045211,6.033372296331912
246,Pitcher,Craig Kimbrel,x,x,x,x,x,x,65.0,0.0,35.0,90.0,3.58,1.2,6.378418790780261,8.813668617166735,6.0333210493111045
247,Pitcher,Jose Urquidy,x,x,x,x,x,x,168.0,16.5,0.0,164.0,4.48,1.24,6.370797102410837,8.803137004584553,6.020866102392169
248,Hitter,Nick Solak,424.0,51.0,15.0,55.0,5.0,0.33899999999999997,x,x,x,x,x,x,6.370472713192529,8.785014867798,5.999434412803002
249,Hitter,Alex Gordon,498.0,57.0,13.0,56.0,5.0,0.33399999999999996,x,x,x,x,x,x,6.341624467644123,8.745232534922167,5.952386836715916
250,Pitcher,Kenley Jansen,x,x,x,x,x,x,65.0,0.0,37.0,75.0,3.84,1.13,6.32513300353805,8.740038570886842,5.946244325694561
251,Hitter,Starlin Castro,502.0,58.0,15.0,66.0,3.0,0.324,x,x,x,x,x,x,6.337547510226347,8.739610325528448,5.945737872084962
252,Hitter,Christin Stewart,494.0,59.0,19.0,60.0,1.0,0.327,x,x,x,x,x,x,6.328539729980968,8.727188408514717,5.931047404140928
253,Hitter,Mitch Moreland,442.0,54.0,22.0,64.0,1.0,0.317,x,x,x,x,x,x,6.281074565301296,8.661732955491603,5.8536381577794145
254,Pitcher,Jake Odorizzi,x,x,x,x,x,x,172.0,18.0,0.0,179.0,4.59,1.31,6.260232032592665,8.650358719248405,5.8401867031662755
255,Hitter,Austin Hays,446.0,53.0,19.0,59.0,8.0,0.299,x,x,x,x,x,x,6.2676391312955335,8.643205211506213,5.831726787031123
256,Hitter,Maikel Franco,442.0,54.0,19.0,61.0,1.0,0.33,x,x,x,x,x,x,6.263789760204385,8.637896848408232,5.825448984833605
257,Hitter,David Fletcher,549.0,65.0,6.0,51.0,8.0,0.33299999999999996,x,x,x,x,x,x,6.260312739516077,8.633101964289324,5.81977843564492
258,Hitter,Willson Contreras,408.0,50.0,16.0,56.0,3.0,0.342,x,x,x,x,x,x,6.2449936151705066,8.611976571999552,5.794795021418682
259,Hitter,Steven Souza Jr.,376.0,49.0,17.0,51.0,6.0,0.33,x,x,x,x,x,x,6.23438177700578,8.597342625627137,5.777488552550715
260,Hitter,Tyler O'Neill,449.0,53.0,22.0,63.0,5.0,0.297,x,x,x,x,x,x,6.194669144879104,8.542578076844162,5.712722635383805
261,Pitcher,Marcus Stroman,x,x,x,x,x,x,179.0,16.5,0.0,154.0,3.9,1.35,6.161672679831414,8.514169876393538,5.679126391132121
262,Hitter,Hanser Alberto,582.0,63.0,12.0,61.0,6.0,0.315,x,x,x,x,x,x,6.140873073519194,8.468392171338715,5.624988538825123
263,Hitter,Buster Posey,518.0,56.0,11.0,56.0,2.0,0.34700000000000003,x,x,x,x,x,x,6.10980255026268,8.425545271108929,5.574316729181655
264,Hitter,Evan White,526.0,58.0,19.0,63.0,3.0,0.31,x,x,x,x,x,x,6.104305279484544,8.417964419939404,5.565351426082992
265,Hitter,Nick Markakis,462.0,53.0,11.0,57.0,1.0,0.355,x,x,x,x,x,x,6.075074723338738,8.377654872768261,5.517680353260535
266,Pitcher,Joe Musgrove,x,x,x,x,x,x,179.0,15.0,0.0,163.0,4.27,1.28,6.0331430211968655,8.336568208042769,5.469090241894503
267,Pitcher,Roberto Osuna,x,x,x,x,x,x,65.0,0.0,33.0,76.0,3.64,1.13,6.030636466326183,8.333104662495575,5.464994166805808
268,Hitter,Miguel Rojas,588.0,58.0,9.0,54.0,8.0,0.325,x,x,x,x,x,x,6.035378854126447,8.322913440394181,5.452941774133603
269,Pitcher,Kyle Hendricks,x,x,x,x,x,x,179.0,16.5,0.0,151.0,4.32,1.28,5.981397029083627,8.265065843316915,5.384529767390715
270,Hitter,Alex Dickerson,461.0,51.0,14.0,57.0,3.0,0.336,x,x,x,x,x,x,5.9880796190965135,8.25768680782217,5.375803136527423
271,Hitter,Brian Dozier,402.0,50.0,17.0,49.0,5.0,0.326,x,x,x,x,x,x,5.947387641164274,8.201571720727529,5.309440039170625
272,Hitter,Kevin Pillar,455.0,50.0,14.0,56.0,10.0,0.302,x,x,x,x,x,x,5.928850710584156,8.1760089064622,5.279208819375084
273,Pitcher,Joey Lucchesi,x,x,x,x,x,x,185.0,16.5,0.0,177.0,4.34,1.35,5.913878561834407,8.171769147788892,5.274194775342118
274,Hitter,Luis Urias,493.0,52.0,13.0,55.0,4.0,0.33299999999999996,x,x,x,x,x,x,5.914728606448383,8.156534230031921,5.25617758277101
275,Pitcher,Brad Hand,x,x,x,x,x,x,65.0,0.0,33.0,80.0,3.68,1.19,5.900625922050522,8.153456713439695,5.252538035123479
276,Pitcher,Taylor Rogers,x,x,x,x,x,x,65.0,0.0,31.0,77.0,3.44,1.16,5.8621053976740285,8.100229236858093,5.1895898977627635
277,Pitcher,Zac Gallen,x,x,x,x,x,x,145.0,13.5,0.0,159.0,4.21,1.28,5.827763284780365,8.052775469304356,5.1334698922675415
278,Pitcher,Johnny Cueto,x,x,x,x,x,x,182.0,15.0,0.0,156.0,4.2,1.3,5.817886377568073,8.03912760609765,5.117329589871294
279,Pitcher,Kevin Gausman,x,x,x,x,x,x,155.0,13.5,0.0,146.0,4.05,1.27,5.8165968128032475,8.037345691665507,5.115222253554732
280,Pitcher,Ken Giles,x,x,x,x,x,x,65.0,0.0,30.0,82.0,3.57,1.16,5.778651893043662,7.984913582794046,5.053214737825665
281,Pitcher,Jose Quintana,x,x,x,x,x,x,177.0,16.5,0.0,158.0,4.31,1.33,5.752474707669904,7.948742073085724,5.01043741100326
282,Pitcher,Masahiro Tanaka,x,x,x,x,x,x,183.0,16.5,0.0,160.0,4.54,1.29,5.71630547472931,7.898763599778783,4.951331625704921
283,Pitcher,Cole Hamels,x,x,x,x,x,x,164.0,15.0,0.0,160.0,4.25,1.33,5.659244464126021,7.819916967891743,4.8580856382336535
284,Pitcher,Mike Minor,x,x,x,x,x,x,201.0,16.5,0.0,186.0,4.64,1.33,5.651938605288359,7.809821767047919,4.846146802688313
285,Pitcher,Hector Neris,x,x,x,x,x,x,65.0,0.0,31.0,82.0,3.86,1.2,5.5745063383418385,7.7028262304536295,4.719611220559161
286,Pitcher,Josh Lindblom,x,x,x,x,x,x,178.0,15.0,0.0,174.0,4.62,1.3,5.545102560754148,7.6621962310366305,4.671561172942365
287,Pitcher,Julio Urias,x,x,x,x,x,x,127.0,13.5,0.0,134.0,3.99,1.3,5.4601244609806985,7.544773898686437,4.532694602879372
288,Pitcher,Caleb Smith,x,x,x,x,x,x,179.0,13.5,0.0,189.0,4.6,1.32,5.443111113164689,7.521264935942309,4.504892318963915
289,Pitcher,Steven Matz,x,x,x,x,x,x,159.0,15.0,0.0,153.0,4.36,1.32,5.438994989421314,7.515577295815292,4.498165974320762
290,Pitcher,Jose Leclerc,x,x,x,x,x,x,68.0,0.0,29.0,93.0,3.75,1.28,5.414554705160868,7.481805827768652,4.458226996446927
291,Pitcher,Raisel Iglesias,x,x,x,x,x,x,65.0,0.0,31.0,78.0,3.9,1.22,5.395076886304676,7.454891470713292,4.42639740854041
292,Pitcher,Nathan Eovaldi,x,x,x,x,x,x,143.0,15.0,0.0,136.0,4.27,1.31,5.335187269713915,7.3721362845842275,4.328529067632359
293,Pitcher,Shohei Ohtani,x,x,x,x,x,x,101.0,10.5,0.0,123.0,3.74,1.22,5.294053323571608,7.315297594290214,4.261310219138836
294,Pitcher,Nick Anderson,x,x,x,x,x,x,65.0,0.0,20.0,89.0,3.25,1.08,5.284995692366695,7.3027818027570515,4.24650873285385
295,Pitcher,Brandon Workman,x,x,x,x,x,x,68.0,0.0,32.0,82.0,3.89,1.32,5.2746296842933935,7.288458102316902,4.229569168539971
296,Pitcher,Griffin Canning,x,x,x,x,x,x,135.0,13.5,0.0,139.0,4.36,1.28,5.2157002861798665,7.207029741492984,4.133269964230639
297,Pitcher,Keone Kela,x,x,x,x,x,x,65.0,0.0,27.0,81.0,3.63,1.22,5.190202612961094,7.171797178434581,4.09160305906427
298,Pitcher,Archie Bradley,x,x,x,x,x,x,65.0,0.0,33.0,72.0,3.94,1.31,5.1680144593486395,7.141137693759533,4.055344390108336
299,Pitcher,Pablo Lopez,x,x,x,x,x,x,157.0,13.5,0.0,135.0,4.18,1.3,5.159984080743789,7.130041354962237,4.042221583924881
300,Pitcher,Anthony DeSclafani,x,x,x,x,x,x,153.0,13.5,0.0,151.0,4.51,1.29,5.129409493673026,7.087793536594159,3.9922582633878485
301,Pitcher,Mitch Keller,x,x,x,x,x,x,140.0,12.0,0.0,149.0,4.16,1.32,5.120848964995741,7.075964638959152,3.978269114907117
302,Pitcher,Luke Weaver,x,x,x,x,x,x,134.0,12.0,0.0,138.0,4.25,1.28,5.038474831706581,6.962140455058527,3.843657804672226
303,Pitcher,Kenta Maeda,x,x,x,x,x,x,154.0,15.0,0.0,156.0,4.66,1.33,5.029950441285626,6.950361493093495,3.8297277113565054
304,Pitcher,A.J. Puk,x,x,x,x,x,x,126.0,12.0,0.0,137.0,4.14,1.33,4.870948034151865,6.730652726426361,3.569894660614155
305,Pitcher,Mike Foltynewicz,x,x,x,x,x,x,181.0,15.0,0.0,170.0,4.73,1.35,4.837660337195077,6.684655945777546,3.5154977240621705
306,Pitcher,Dallas Keuchel,x,x,x,x,x,x,197.0,18.0,0.0,150.0,4.39,1.42,4.818144520976965,6.657689084148989,3.4836060429418123
307,Pitcher,Carlos Martinez,x,x,x,x,x,x,128.0,10.5,7.0,121.0,4.15,1.36,4.79250285098949,6.622257547043425,3.44170382611959
308,Pitcher,Joe Jimenez,x,x,x,x,x,x,65.0,0.0,29.0,76.0,4.2,1.27,4.77358031409179,6.596110475945881,3.41078164966613
309,Pitcher,Ian Kennedy,x,x,x,x,x,x,65.0,0.0,31.0,66.0,4.35,1.25,4.741303304477577,6.551510258239264,3.358036323176546
310,Pitcher,Rick Porcello,x,x,x,x,x,x,165.0,13.5,0.0,148.0,4.62,1.31,4.676553818595339,6.462039727937483,3.2522262492659735
311,Pitcher,Tony Watson,x,x,x,x,x,x,68.0,0.0,28.0,63.0,3.88,1.26,4.614196864256415,6.375875186293793,3.150325919749233
312,Pitcher,Jakob Junis,x,x,x,x,x,x,182.0,15.0,0.0,160.0,4.78,1.34,4.605426985726679,6.363757010032677,3.135994663172059
313,Pitcher,Kyle Gibson,x,x,x,x,x,x,174.0,15.0,0.0,157.0,4.45,1.41,4.580834654729867,6.32977544453201,3.0958072188248145
314,Pitcher,Sean Manaea,x,x,x,x,x,x,162.0,15.0,0.0,133.0,4.58,1.33,4.5707202523042865,6.315799411574031,3.079278814720446
315,Pitcher,Yonny Chirinos,x,x,x,x,x,x,135.0,12.0,0.0,118.0,4.27,1.28,4.564061816213783,6.3065988163896725,3.068397962073275
316,Pitcher,Giovanny Gallegos,x,x,x,x,x,x,65.0,0.0,21.0,77.0,3.71,1.17,4.542654243703626,6.277017934953159,3.0334148761277753
317,Pitcher,Alex Colome,x,x,x,x,x,x,65.0,0.0,31.0,65.0,4.24,1.33,4.531755441438634,6.261958022043942,3.015604648641263
318,Pitcher,Danny Duffy,x,x,x,x,x,x,184.0,15.0,0.0,159.0,4.73,1.36,4.479579258738526,6.1898612220200535,2.930341180172816
319,Pitcher,Alex Wood,x,x,x,x,x,x,119.0,12.0,0.0,103.0,4.06,1.29,4.460416001994834,6.16338152538917,2.89902563249257
320,Pitcher,Adrian Houser,x,x,x,x,x,x,155.0,13.5,0.0,145.0,4.45,1.38,4.4194069490339185,6.106715411896623,2.832010877615772
321,Pitcher,Marco Gonzales,x,x,x,x,x,x,193.0,15.0,0.0,147.0,4.62,1.35,4.40521149250865,6.087100197877757,2.8088134377648144
322,Pitcher,Jon Lester,x,x,x,x,x,x,176.0,15.0,0.0,158.0,4.73,1.38,4.373989384017563,6.043957637504106,2.7577919730833274
323,Pitcher,Mark Melancon,x,x,x,x,x,x,65.0,0.0,26.0,61.0,3.72,1.29,4.349189552002959,6.009689348088229,2.7172654419042646
324,Pitcher,Brendan McKay,x,x,x,x,x,x,92.0,9.0,0.0,101.0,3.91,1.22,4.314579500388451,5.9618653440898965,2.6607075855833653
325,Pitcher,Chris Bassitt,x,x,x,x,x,x,124.0,12.0,0.0,114.0,4.41,1.3,4.225282272660734,5.838474861363771,2.5147829324816735
326,Pitcher,Vince Velasquez,x,x,x,x,x,x,119.0,10.5,0.0,130.0,4.54,1.29,4.219460142052455,5.83042986909995,2.505268724583572
327,Pitcher,Michael Pineda,x,x,x,x,x,x,129.0,12.0,0.0,117.0,4.63,1.29,4.058568928891906,5.6081111592873025,2.2423490901784424
328,Pitcher,Brad Peacock,x,x,x,x,x,x,119.0,12.0,0.0,126.0,4.63,1.34,4.04138216736329,5.5843625743034435,2.214263423043814
329,Pitcher,Jeff Samardzija,x,x,x,x,x,x,191.0,13.5,0.0,153.0,4.75,1.35,4.031670601804094,5.570943179403195,2.198393312947893
330,Pitcher,Sean Newcomb,x,x,x,x,x,x,131.0,12.0,0.0,132.0,4.37,1.4,4.0181992950707235,5.5523285921077115,2.1763792391416215
331,Pitcher,Brandon Kintzler,x,x,x,x,x,x,65.0,0.0,27.0,54.0,4.0,1.33,3.9953631076645557,5.520773657431988,2.1390615887485827
332,Pitcher,Hansel Robles,x,x,x,x,x,x,65.0,0.0,23.0,71.0,4.21,1.27,3.9875052867924157,5.509915758085491,2.1262207669887156
333,Pitcher,Drew Smyly,x,x,x,x,x,x,121.0,10.5,0.0,123.0,4.46,1.32,3.9702819767284576,5.486116670510078,2.0980753742335185
334,Pitcher,Dustin May,x,x,x,x,x,x,102.0,10.5,0.0,89.0,4.07,1.27,3.9684512067671496,5.483586921322622,2.0950836299396585
335,Pitcher,Reynaldo Lopez,x,x,x,x,x,x,159.0,13.5,0.0,148.0,4.97,1.35,3.9052837377778333,5.396302414406624,1.9918588016428134
336,Pitcher,Yusei Kikuchi,x,x,x,x,x,x,173.0,13.5,0.0,141.0,4.74,1.37,3.7931356412148323,5.24133671027615,1.808592506558368
337,Pitcher,Sean Doolittle,x,x,x,x,x,x,60.0,0.0,19.0,66.0,4.07,1.2,3.7346477426852087,5.160518411468348,1.713014776759113
338,Pitcher,Wade Miley,x,x,x,x,x,x,147.0,13.5,0.0,129.0,4.47,1.44,3.690542933873159,5.099574597328269,1.6409411067271666
339,Pitcher,Aaron Civale,x,x,x,x,x,x,148.0,13.5,0.0,116.0,4.81,1.33,3.6823400870110263,5.088239942716894,1.6275364623360475
340,Pitcher,Adam Wainwright,x,x,x,x,x,x,145.0,12.0,0.0,123.0,4.45,1.39,3.6500158705069015,5.04357449475529,1.5747139929248875
341,Pitcher,Eric Lauer,x,x,x,x,x,x,148.0,13.5,0.0,135.0,4.79,1.4,3.6473535382121525,5.039895696707627,1.5703633548766691
342,Pitcher,Mike Leake,x,x,x,x,x,x,175.0,13.5,0.0,119.0,4.7,1.34,3.588300095101256,4.958295931098872,1.4738614430066441
343,Pitcher,Nick Pivetta,x,x,x,x,x,x,93.0,7.5,0.0,102.0,4.18,1.27,3.5714770571431482,4.935049937607334,1.446370153068293
344,Pitcher,Spencer Turnbull,x,x,x,x,x,x,139.0,12.0,0.0,127.0,4.65,1.39,3.533000103035686,4.881882666215357,1.3834932158618967
345,Pitcher,Martin Perez,x,x,x,x,x,x,162.0,15.0,0.0,126.0,4.62,1.44,3.525266464489307,4.8711963614134115,1.3708553260772813
346,Pitcher,Will Smith,x,x,x,x,x,x,65.0,0.0,8.0,84.0,3.38,1.16,3.4956205483807126,4.830231776144855,1.3224095889126442
347,Pitcher,Jake Arrieta,x,x,x,x,x,x,168.0,13.5,0.0,139.0,4.75,1.41,3.473980626228604,4.800329835082965,1.28704680987069
348,Pitcher,J.A. Happ,x,x,x,x,x,x,114.0,10.5,0.0,108.0,4.66,1.32,3.46342479967651,4.7857438443755305,1.2697970545645973
349,Pitcher,Dylan Cease,x,x,x,x,x,x,108.0,10.5,0.0,115.0,4.52,1.41,3.3467770892881576,4.62456059535459,1.0791777362871142
350,Pitcher,Ryan Yarbrough,x,x,x,x,x,x,121.0,10.5,0.0,98.0,4.53,1.32,3.3320198766225135,4.6041691493843055,1.0550623052286245
351,Pitcher,Sandy Alcantara,x,x,x,x,x,x,188.0,13.5,0.0,157.0,4.76,1.45,3.271794301249052,4.520949737014088,0.9566449588243221
352,Pitcher,Mychal Givens,x,x,x,x,x,x,65.0,0.0,14.0,76.0,4.0,1.26,3.264116443409109,4.5103405097258475,0.9440982228240288
353,Pitcher,Tanner Roark,x,x,x,x,x,x,181.0,13.5,0.0,153.0,5.15,1.38,3.213887969818817,4.4409350448462375,0.9384646283197189
354,Pitcher,Matt Shoemaker,x,x,x,x,x,x,145.0,12.0,0.0,128.0,5.03,1.36,3.1771487512863015,4.390168968171041,0.8731030718132701
355,Pitcher,Anibal Sanchez,x,x,x,x,x,x,163.0,13.5,0.0,140.0,5.06,1.4,3.1650072976859414,4.373391965582412,0.8515026040496994
356,Pitcher,Jose Urena,x,x,x,x,x,x,149.0,10.5,0.0,119.0,4.55,1.38,3.156424722961177,4.361532604824307,1.0
357,Pitcher,Jordan Yamamoto,x,x,x,x,x,x,135.0,10.5,0.0,128.0,4.72,1.4,3.1482943552807194,4.3502981015999564,1.0
358,Pitcher,Brad Keller,x,x,x,x,x,x,182.0,15.0,0.0,137.0,4.74,1.47,3.0721505207461517,4.245082914758021,1.0
359,Pitcher,Daniel Norris,x,x,x,x,x,x,147.0,12.0,0.0,127.0,4.93,1.39,3.0596492860424,4.2278087683593,1.0
360,Pitcher,Matt Barnes,x,x,x,x,x,x,68.0,0.0,4.0,93.0,3.38,1.23,3.0474298389923775,4.210923994794481,1.0
361,Pitcher,Merrill Kelly,x,x,x,x,x,x,109.0,9.0,0.0,101.0,4.57,1.34,3.0404759282267246,4.2013151141154,1.0
362,Pitcher,Elieser Hernandez,x,x,x,x,x,x,93.0,7.5,0.0,94.0,4.48,1.29,3.031640586408269,4.18910648099463,1.0
363,Pitcher,Dellin Betances,x,x,x,x,x,x,55.0,0.0,4.0,78.0,3.07,1.15,3.0054441346118113,4.152908349035452,1.0
364,Pitcher,Jose Alvarado,x,x,x,x,x,x,60.0,0.0,9.0,76.0,3.32,1.3,2.9921720529193907,4.134569049949911,1.0
365,Pitcher,Logan Webb,x,x,x,x,x,x,99.0,9.0,0.0,87.0,4.2,1.38,2.9761461335023,4.112424511050737,1.0
366,Pitcher,Brett Anderson,x,x,x,x,x,x,143.0,13.5,0.0,95.0,4.54,1.43,2.951746363838989,4.07870902588089,1.0
367,Pitcher,Chad Kuhl,x,x,x,x,x,x,108.0,9.0,0.0,105.0,4.61,1.37,2.9405136672112335,4.063187739336127,1.0
368,Pitcher,Mike Fiers,x,x,x,x,x,x,188.0,15.0,0.0,144.0,5.21,1.4,2.9379322342766576,4.059620727637918,1.0
369,Pitcher,Diego Castillo,x,x,x,x,x,x,60.0,0.0,5.0,73.0,3.26,1.17,2.90389491016179,4.012588115762829,1.0
370,Pitcher,Dakota Hudson,x,x,x,x,x,x,166.0,13.5,0.0,126.0,4.54,1.5,2.8378732332906096,3.9213596780294284,1.0
371,Pitcher,Emilio Pagan,x,x,x,x,x,x,65.0,0.0,1.0,83.0,3.51,1.09,2.83596274071189,3.9187197685100457,1.0
372,Pitcher,Zach Eflin,x,x,x,x,x,x,146.0,12.0,0.0,120.0,5.05,1.38,2.821200211770445,3.898320976535254,1.0
373,Pitcher,Ryne Stanek,x,x,x,x,x,x,65.0,0.0,5.0,83.0,3.58,1.22,2.8171336810575918,3.8927018638209203,1.0
374,Pitcher,Yoshihisa Hirano,x,x,x,x,x,x,60.0,0.0,21.0,55.0,4.62,1.39,2.816881930682366,3.8923539963549745,1.0
375,Pitcher,Ryan Pressly,x,x,x,x,x,x,65.0,0.0,2.0,78.0,3.36,1.15,2.738786297959381,3.7844418240994817,1.0
376,Pitcher,Chad Green,x,x,x,x,x,x,60.0,0.0,0.0,81.0,3.44,1.07,2.717005959678417,3.7543458567014674,1.0
377,Pitcher,Ty Buttrey,x,x,x,x,x,x,65.0,0.0,5.0,75.0,3.56,1.2,2.7160797991437398,3.7530660924986616,1.0
378,Pitcher,Trent Thornton,x,x,x,x,x,x,93.0,7.5,0.0,90.0,4.64,1.31,2.7074180948997983,3.7410973909489367,1.0
379,Pitcher,Julio Teheran,x,x,x,x,x,x,179.0,15.0,0.0,155.0,5.3,1.46,2.679096706410303,3.701963031617552,1.0
380,Pitcher,Daniel Hudson,x,x,x,x,x,x,67.0,0.0,15.0,69.0,4.36,1.36,2.6493790773984323,3.6608993538018013,1.0
381,Pitcher,Wade Davis,x,x,x,x,x,x,65.0,0.0,24.0,65.0,5.11,1.5,2.644516568381853,3.6541803620695457,1.0
382,Pitcher,Joshua James,x,x,x,x,x,x,60.0,0.0,1.0,84.0,3.38,1.17,2.632308101426241,3.637310760746734,1.0
383,Pitcher,Trevor Williams,x,x,x,x,x,x,167.0,12.0,0.0,135.0,5.02,1.42,2.6044614599240496,3.5988324045346713,1.0
384,Pitcher,Homer Bailey,x,x,x,x,x,x,124.0,12.0,0.0,99.0,5.02,1.4,2.5799396748317553,3.5649483190278897,1.0
385,Pitcher,Seth Lugo,x,x,x,x,x,x,65.0,0.0,2.0,75.0,3.54,1.15,2.5561184804209174,3.5320323063782175,1.0
386,Pitcher,Michael Kopech,x,x,x,x,x,x,91.0,7.5,0.0,103.0,4.78,1.39,2.534549134002895,3.502227886528566,1.0
387,Pitcher,Gio Gonzalez,x,x,x,x,x,x,133.0,12.0,0.0,114.0,4.9,1.47,2.490583919277814,3.4414769628310578,1.0
388,Pitcher,Kendall Graveman,x,x,x,x,x,x,137.0,10.5,0.0,103.0,4.78,1.4,2.4890407054811665,3.4393445573783534,1.0
389,Pitcher,Tyler Chatwood,x,x,x,x,x,x,116.0,10.5,0.0,109.0,4.51,1.53,2.467458852884803,3.4095228565512086,1.0
390,Pitcher,Alec Mills,x,x,x,x,x,x,95.0,7.5,0.0,85.0,4.64,1.34,2.44144060234571,3.3735709622382397,1.0
391,Pitcher,Justus Sheffield,x,x,x,x,x,x,148.0,10.5,0.0,131.0,4.8,1.48,2.392291346412786,3.3056567551624587,1.0
392,Pitcher,Will Harris,x,x,x,x,x,x,67.0,0.0,4.0,70.0,3.56,1.24,2.374723067001576,3.2813809905908355,1.0
393,Pitcher,Tommy Kahnle,x,x,x,x,x,x,68.0,0.0,0.0,86.0,3.61,1.21,2.3588010186878936,3.259379980286188,1.0
394,Pitcher,Kyle Freeland,x,x,x,x,x,x,154.0,13.5,0.0,128.0,5.08,1.49,2.351696565784636,3.249563081200463,1.0
395,Pitcher,Ross Stripling,x,x,x,x,x,x,80.0,0.0,0.0,80.0,3.7,1.18,2.345931671364748,3.2415971776283596,1.0
396,Pitcher,John Means,x,x,x,x,x,x,183.0,12.0,0.0,142.0,5.33,1.38,2.3407620038103905,3.2344537556958133,1.0
397,Pitcher,Andrew Miller,x,x,x,x,x,x,68.0,0.0,2.0,80.0,3.65,1.24,2.3198403654493616,3.205544335745394,1.0
398,Pitcher,Hunter Harvey,x,x,x,x,x,x,60.0,0.0,14.0,62.0,4.61,1.35,2.3189400714788486,3.2043003138373933,1.0
399,Pitcher,Blake Treinen,x,x,x,x,x,x,62.0,0.0,4.0,67.0,3.45,1.25,2.3183007929670914,3.203416961843503,1.0
400,Pitcher,Zach Plesac,x,x,x,x,x,x,119.0,10.5,0.0,97.0,5.07,1.39,2.3122456938544036,3.195050054813116,1.0
401,Pitcher,Drew Pomeranz,x,x,x,x,x,x,58.0,0.0,1.0,73.0,3.4,1.19,2.296900532310531,3.173846183891364,1.0
402,Pitcher,Alex Cobb,x,x,x,x,x,x,181.0,13.5,0.0,129.0,5.17,1.43,2.2293992270218506,3.0805732026784356,1.0
403,Pitcher,Shaun Anderson,x,x,x,x,x,x,60.0,0.0,8.0,55.0,3.85,1.26,2.216245464086794,3.0623973958866437,1.0
404,Pitcher,Joe Ross,x,x,x,x,x,x,108.0,9.0,0.0,90.0,4.85,1.41,2.1486231705779426,2.9689572337290104,1.0
405,Pitcher,Corey Knebel,x,x,x,x,x,x,45.0,0.0,4.0,62.0,3.53,1.22,2.137991951440349,2.9542670659070622,1.0
